2025-11-04 21:55:46.626 [main] INFO  service.EmailService - Loaded .env from resources
2025-11-04 21:55:46.632 [main] INFO  service.EmailService - Email config loaded - Host: smtp.gmail.com, Port: 587, From: noreply@carshowroom.com
2025-11-04 21:55:46.936 [main] INFO  controller.customer.AuthServlet - Verification email sent to: newuser@test.com
2025-11-04 21:55:46.950 [main] WARN  controller.customer.AuthServlet - Register error: Họ và tên quá dài (tối đa 100 ký tự)
2025-11-04 21:55:46.957 [main] WARN  controller.customer.AuthServlet - Register error: Mật khẩu xác nhận không khớp
2025-11-04 21:55:46.964 [main] WARN  controller.customer.AuthServlet - Register error: Mật khẩu phải có ít nhất 6 ký tự
2025-11-04 21:55:47.201 [main] ERROR controller.customer.AuthServlet - Failed to send verification email
java.lang.NullPointerException: Cannot invoke "String.equals(Object)" because "scheme" is null
	at controller.customer.AuthServlet.buildUrl(AuthServlet.java:467)
	at controller.customer.AuthServlet.handleRegister(AuthServlet.java:149)
	at controller.customer.AuthServlet.doPost(AuthServlet.java:76)
	at controller.customer.HandleRegisterTest.testPasswordExactly7Chars(HandleRegisterTest.java:463)
	at java.base/jdk.internal.reflect.DirectMethodHandleAccessor.invoke(DirectMethodHandleAccessor.java:104)
	at java.base/java.lang.reflect.Method.invoke(Method.java:565)
	at org.junit.platform.commons.util.ReflectionUtils.invokeMethod(ReflectionUtils.java:787)
	at org.junit.platform.commons.support.ReflectionSupport.invokeMethod(ReflectionSupport.java:479)
	at org.junit.jupiter.engine.execution.MethodInvocation.proceed(MethodInvocation.java:60)
	at org.junit.jupiter.engine.execution.InvocationInterceptorChain$ValidatingInvocation.proceed(InvocationInterceptorChain.java:131)
	at org.junit.jupiter.engine.extension.TimeoutExtension.intercept(TimeoutExtension.java:161)
	at org.junit.jupiter.engine.extension.TimeoutExtension.interceptTestableMethod(TimeoutExtension.java:152)
	at org.junit.jupiter.engine.extension.TimeoutExtension.interceptTestMethod(TimeoutExtension.java:91)
	at org.junit.jupiter.engine.execution.InterceptingExecutableInvoker$ReflectiveInterceptorCall.lambda$ofVoidMethod$0(InterceptingExecutableInvoker.java:112)
	at org.junit.jupiter.engine.execution.InterceptingExecutableInvoker.lambda$invoke$0(InterceptingExecutableInvoker.java:94)
	at org.junit.jupiter.engine.execution.InvocationInterceptorChain$InterceptedInvocation.proceed(InvocationInterceptorChain.java:106)
	at org.junit.jupiter.engine.execution.InvocationInterceptorChain.proceed(InvocationInterceptorChain.java:64)
	at org.junit.jupiter.engine.execution.InvocationInterceptorChain.chainAndInvoke(InvocationInterceptorChain.java:45)
	at org.junit.jupiter.engine.execution.InvocationInterceptorChain.invoke(InvocationInterceptorChain.java:37)
	at org.junit.jupiter.engine.execution.InterceptingExecutableInvoker.invoke(InterceptingExecutableInvoker.java:93)
	at org.junit.jupiter.engine.execution.InterceptingExecutableInvoker.invoke(InterceptingExecutableInvoker.java:87)
	at org.junit.jupiter.engine.descriptor.TestMethodTestDescriptor.lambda$invokeTestMethod$4(TestMethodTestDescriptor.java:221)
	at org.junit.platform.engine.support.hierarchical.ThrowableCollector.execute(ThrowableCollector.java:73)
	at org.junit.jupiter.engine.descriptor.TestMethodTestDescriptor.invokeTestMethod(TestMethodTestDescriptor.java:217)
	at org.junit.jupiter.engine.descriptor.TestMethodTestDescriptor.execute(TestMethodTestDescriptor.java:159)
	at org.junit.jupiter.engine.descriptor.TestMethodTestDescriptor.execute(TestMethodTestDescriptor.java:70)
	at org.junit.platform.engine.support.hierarchical.NodeTestTask.lambda$executeRecursively$6(NodeTestTask.java:157)
	at org.junit.platform.engine.support.hierarchical.ThrowableCollector.execute(ThrowableCollector.java:73)
	at org.junit.platform.engine.support.hierarchical.NodeTestTask.lambda$executeRecursively$8(NodeTestTask.java:147)
	at org.junit.platform.engine.support.hierarchical.Node.around(Node.java:137)
	at org.junit.platform.engine.support.hierarchical.NodeTestTask.lambda$executeRecursively$9(NodeTestTask.java:145)
	at org.junit.platform.engine.support.hierarchical.ThrowableCollector.execute(ThrowableCollector.java:73)
	at org.junit.platform.engine.support.hierarchical.NodeTestTask.executeRecursively(NodeTestTask.java:144)
	at org.junit.platform.engine.support.hierarchical.NodeTestTask.execute(NodeTestTask.java:101)
	at java.base/java.util.ArrayList.forEach(ArrayList.java:1604)
	at org.junit.platform.engine.support.hierarchical.SameThreadHierarchicalTestExecutorService.invokeAll(SameThreadHierarchicalTestExecutorService.java:41)
	at org.junit.platform.engine.support.hierarchical.NodeTestTask.lambda$executeRecursively$6(NodeTestTask.java:161)
	at org.junit.platform.engine.support.hierarchical.ThrowableCollector.execute(ThrowableCollector.java:73)
	at org.junit.platform.engine.support.hierarchical.NodeTestTask.lambda$executeRecursively$8(NodeTestTask.java:147)
	at org.junit.platform.engine.support.hierarchical.Node.around(Node.java:137)
	at org.junit.platform.engine.support.hierarchical.NodeTestTask.lambda$executeRecursively$9(NodeTestTask.java:145)
	at org.junit.platform.engine.support.hierarchical.ThrowableCollector.execute(ThrowableCollector.java:73)
	at org.junit.platform.engine.support.hierarchical.NodeTestTask.executeRecursively(NodeTestTask.java:144)
	at org.junit.platform.engine.support.hierarchical.NodeTestTask.execute(NodeTestTask.java:101)
	at java.base/java.util.ArrayList.forEach(ArrayList.java:1604)
	at org.junit.platform.engine.support.hierarchical.SameThreadHierarchicalTestExecutorService.invokeAll(SameThreadHierarchicalTestExecutorService.java:41)
	at org.junit.platform.engine.support.hierarchical.NodeTestTask.lambda$executeRecursively$6(NodeTestTask.java:161)
	at org.junit.platform.engine.support.hierarchical.ThrowableCollector.execute(ThrowableCollector.java:73)
	at org.junit.platform.engine.support.hierarchical.NodeTestTask.lambda$executeRecursively$8(NodeTestTask.java:147)
	at org.junit.platform.engine.support.hierarchical.Node.around(Node.java:137)
	at org.junit.platform.engine.support.hierarchical.NodeTestTask.lambda$executeRecursively$9(NodeTestTask.java:145)
	at org.junit.platform.engine.support.hierarchical.ThrowableCollector.execute(ThrowableCollector.java:73)
	at org.junit.platform.engine.support.hierarchical.NodeTestTask.executeRecursively(NodeTestTask.java:144)
	at org.junit.platform.engine.support.hierarchical.NodeTestTask.execute(NodeTestTask.java:101)
	at org.junit.platform.engine.support.hierarchical.SameThreadHierarchicalTestExecutorService.submit(SameThreadHierarchicalTestExecutorService.java:35)
	at org.junit.platform.engine.support.hierarchical.HierarchicalTestExecutor.execute(HierarchicalTestExecutor.java:57)
	at org.junit.platform.engine.support.hierarchical.HierarchicalTestEngine.execute(HierarchicalTestEngine.java:54)
	at org.junit.platform.launcher.core.EngineExecutionOrchestrator.executeEngine(EngineExecutionOrchestrator.java:230)
	at org.junit.platform.launcher.core.EngineExecutionOrchestrator.failOrExecuteEngine(EngineExecutionOrchestrator.java:204)
	at org.junit.platform.launcher.core.EngineExecutionOrchestrator.execute(EngineExecutionOrchestrator.java:172)
	at org.junit.platform.launcher.core.EngineExecutionOrchestrator.execute(EngineExecutionOrchestrator.java:101)
	at org.junit.platform.launcher.core.EngineExecutionOrchestrator.lambda$execute$0(EngineExecutionOrchestrator.java:64)
	at org.junit.platform.launcher.core.EngineExecutionOrchestrator.withInterceptedStreams(EngineExecutionOrchestrator.java:150)
	at org.junit.platform.launcher.core.EngineExecutionOrchestrator.execute(EngineExecutionOrchestrator.java:63)
	at org.junit.platform.launcher.core.DefaultLauncher.execute(DefaultLauncher.java:109)
	at org.junit.platform.launcher.core.DefaultLauncher.execute(DefaultLauncher.java:91)
	at org.junit.platform.launcher.core.DelegatingLauncher.execute(DelegatingLauncher.java:47)
	at org.junit.platform.launcher.core.InterceptingLauncher.lambda$execute$1(InterceptingLauncher.java:39)
	at org.junit.platform.launcher.core.ClasspathAlignmentCheckingLauncherInterceptor.intercept(ClasspathAlignmentCheckingLauncherInterceptor.java:25)
	at org.junit.platform.launcher.core.InterceptingLauncher.execute(InterceptingLauncher.java:38)
	at org.junit.platform.launcher.core.DelegatingLauncher.execute(DelegatingLauncher.java:47)
	at org.junit.platform.launcher.core.SessionPerRequestLauncher.execute(SessionPerRequestLauncher.java:66)
	at com.intellij.junit5.JUnit5IdeaTestRunner.startRunnerWithArgs(JUnit5IdeaTestRunner.java:66)
	at com.intellij.rt.junit.IdeaTestRunner$Repeater$1.execute(IdeaTestRunner.java:38)
	at com.intellij.rt.execution.junit.TestsRepeater.repeat(TestsRepeater.java:11)
	at com.intellij.rt.junit.IdeaTestRunner$Repeater.startRunnerWithArgs(IdeaTestRunner.java:35)
	at com.intellij.rt.junit.JUnitStarter.prepareStreamsAndStart(JUnitStarter.java:237)
	at com.intellij.rt.junit.JUnitStarter.main(JUnitStarter.java:58)
2025-11-04 21:55:47.210 [main] WARN  controller.customer.AuthServlet - Register error: Không thể gửi email xác thực. Vui lòng thử lại.
2025-11-04 21:55:47.216 [main] WARN  controller.customer.AuthServlet - Register error: Họ và tên không được để trống
2025-11-04 21:55:47.453 [main] INFO  controller.customer.AuthServlet - Verification email sent to: user@test.com
2025-11-04 21:55:47.684 [main] ERROR controller.customer.AuthServlet - Failed to send verification email
java.lang.RuntimeException: Email service error
	at service.EmailService.sendVerificationEmail(EmailService.java:165)
	at controller.customer.AuthServlet.handleRegister(AuthServlet.java:150)
	at controller.customer.AuthServlet.doPost(AuthServlet.java:76)
	at controller.customer.HandleRegisterTest.testEmailSendFailure(HandleRegisterTest.java:335)
	at java.base/jdk.internal.reflect.DirectMethodHandleAccessor.invoke(DirectMethodHandleAccessor.java:104)
	at java.base/java.lang.reflect.Method.invoke(Method.java:565)
	at org.junit.platform.commons.util.ReflectionUtils.invokeMethod(ReflectionUtils.java:787)
	at org.junit.platform.commons.support.ReflectionSupport.invokeMethod(ReflectionSupport.java:479)
	at org.junit.jupiter.engine.execution.MethodInvocation.proceed(MethodInvocation.java:60)
	at org.junit.jupiter.engine.execution.InvocationInterceptorChain$ValidatingInvocation.proceed(InvocationInterceptorChain.java:131)
	at org.junit.jupiter.engine.extension.TimeoutExtension.intercept(TimeoutExtension.java:161)
	at org.junit.jupiter.engine.extension.TimeoutExtension.interceptTestableMethod(TimeoutExtension.java:152)
	at org.junit.jupiter.engine.extension.TimeoutExtension.interceptTestMethod(TimeoutExtension.java:91)
	at org.junit.jupiter.engine.execution.InterceptingExecutableInvoker$ReflectiveInterceptorCall.lambda$ofVoidMethod$0(InterceptingExecutableInvoker.java:112)
	at org.junit.jupiter.engine.execution.InterceptingExecutableInvoker.lambda$invoke$0(InterceptingExecutableInvoker.java:94)
	at org.junit.jupiter.engine.execution.InvocationInterceptorChain$InterceptedInvocation.proceed(InvocationInterceptorChain.java:106)
	at org.junit.jupiter.engine.execution.InvocationInterceptorChain.proceed(InvocationInterceptorChain.java:64)
	at org.junit.jupiter.engine.execution.InvocationInterceptorChain.chainAndInvoke(InvocationInterceptorChain.java:45)
	at org.junit.jupiter.engine.execution.InvocationInterceptorChain.invoke(InvocationInterceptorChain.java:37)
	at org.junit.jupiter.engine.execution.InterceptingExecutableInvoker.invoke(InterceptingExecutableInvoker.java:93)
	at org.junit.jupiter.engine.execution.InterceptingExecutableInvoker.invoke(InterceptingExecutableInvoker.java:87)
	at org.junit.jupiter.engine.descriptor.TestMethodTestDescriptor.lambda$invokeTestMethod$4(TestMethodTestDescriptor.java:221)
	at org.junit.platform.engine.support.hierarchical.ThrowableCollector.execute(ThrowableCollector.java:73)
	at org.junit.jupiter.engine.descriptor.TestMethodTestDescriptor.invokeTestMethod(TestMethodTestDescriptor.java:217)
	at org.junit.jupiter.engine.descriptor.TestMethodTestDescriptor.execute(TestMethodTestDescriptor.java:159)
	at org.junit.jupiter.engine.descriptor.TestMethodTestDescriptor.execute(TestMethodTestDescriptor.java:70)
	at org.junit.platform.engine.support.hierarchical.NodeTestTask.lambda$executeRecursively$6(NodeTestTask.java:157)
	at org.junit.platform.engine.support.hierarchical.ThrowableCollector.execute(ThrowableCollector.java:73)
	at org.junit.platform.engine.support.hierarchical.NodeTestTask.lambda$executeRecursively$8(NodeTestTask.java:147)
	at org.junit.platform.engine.support.hierarchical.Node.around(Node.java:137)
	at org.junit.platform.engine.support.hierarchical.NodeTestTask.lambda$executeRecursively$9(NodeTestTask.java:145)
	at org.junit.platform.engine.support.hierarchical.ThrowableCollector.execute(ThrowableCollector.java:73)
	at org.junit.platform.engine.support.hierarchical.NodeTestTask.executeRecursively(NodeTestTask.java:144)
	at org.junit.platform.engine.support.hierarchical.NodeTestTask.execute(NodeTestTask.java:101)
	at java.base/java.util.ArrayList.forEach(ArrayList.java:1604)
	at org.junit.platform.engine.support.hierarchical.SameThreadHierarchicalTestExecutorService.invokeAll(SameThreadHierarchicalTestExecutorService.java:41)
	at org.junit.platform.engine.support.hierarchical.NodeTestTask.lambda$executeRecursively$6(NodeTestTask.java:161)
	at org.junit.platform.engine.support.hierarchical.ThrowableCollector.execute(ThrowableCollector.java:73)
	at org.junit.platform.engine.support.hierarchical.NodeTestTask.lambda$executeRecursively$8(NodeTestTask.java:147)
	at org.junit.platform.engine.support.hierarchical.Node.around(Node.java:137)
	at org.junit.platform.engine.support.hierarchical.NodeTestTask.lambda$executeRecursively$9(NodeTestTask.java:145)
	at org.junit.platform.engine.support.hierarchical.ThrowableCollector.execute(ThrowableCollector.java:73)
	at org.junit.platform.engine.support.hierarchical.NodeTestTask.executeRecursively(NodeTestTask.java:144)
	at org.junit.platform.engine.support.hierarchical.NodeTestTask.execute(NodeTestTask.java:101)
	at java.base/java.util.ArrayList.forEach(ArrayList.java:1604)
	at org.junit.platform.engine.support.hierarchical.SameThreadHierarchicalTestExecutorService.invokeAll(SameThreadHierarchicalTestExecutorService.java:41)
	at org.junit.platform.engine.support.hierarchical.NodeTestTask.lambda$executeRecursively$6(NodeTestTask.java:161)
	at org.junit.platform.engine.support.hierarchical.ThrowableCollector.execute(ThrowableCollector.java:73)
	at org.junit.platform.engine.support.hierarchical.NodeTestTask.lambda$executeRecursively$8(NodeTestTask.java:147)
	at org.junit.platform.engine.support.hierarchical.Node.around(Node.java:137)
	at org.junit.platform.engine.support.hierarchical.NodeTestTask.lambda$executeRecursively$9(NodeTestTask.java:145)
	at org.junit.platform.engine.support.hierarchical.ThrowableCollector.execute(ThrowableCollector.java:73)
	at org.junit.platform.engine.support.hierarchical.NodeTestTask.executeRecursively(NodeTestTask.java:144)
	at org.junit.platform.engine.support.hierarchical.NodeTestTask.execute(NodeTestTask.java:101)
	at org.junit.platform.engine.support.hierarchical.SameThreadHierarchicalTestExecutorService.submit(SameThreadHierarchicalTestExecutorService.java:35)
	at org.junit.platform.engine.support.hierarchical.HierarchicalTestExecutor.execute(HierarchicalTestExecutor.java:57)
	at org.junit.platform.engine.support.hierarchical.HierarchicalTestEngine.execute(HierarchicalTestEngine.java:54)
	at org.junit.platform.launcher.core.EngineExecutionOrchestrator.executeEngine(EngineExecutionOrchestrator.java:230)
	at org.junit.platform.launcher.core.EngineExecutionOrchestrator.failOrExecuteEngine(EngineExecutionOrchestrator.java:204)
	at org.junit.platform.launcher.core.EngineExecutionOrchestrator.execute(EngineExecutionOrchestrator.java:172)
	at org.junit.platform.launcher.core.EngineExecutionOrchestrator.execute(EngineExecutionOrchestrator.java:101)
	at org.junit.platform.launcher.core.EngineExecutionOrchestrator.lambda$execute$0(EngineExecutionOrchestrator.java:64)
	at org.junit.platform.launcher.core.EngineExecutionOrchestrator.withInterceptedStreams(EngineExecutionOrchestrator.java:150)
	at org.junit.platform.launcher.core.EngineExecutionOrchestrator.execute(EngineExecutionOrchestrator.java:63)
	at org.junit.platform.launcher.core.DefaultLauncher.execute(DefaultLauncher.java:109)
	at org.junit.platform.launcher.core.DefaultLauncher.execute(DefaultLauncher.java:91)
	at org.junit.platform.launcher.core.DelegatingLauncher.execute(DelegatingLauncher.java:47)
	at org.junit.platform.launcher.core.InterceptingLauncher.lambda$execute$1(InterceptingLauncher.java:39)
	at org.junit.platform.launcher.core.ClasspathAlignmentCheckingLauncherInterceptor.intercept(ClasspathAlignmentCheckingLauncherInterceptor.java:25)
	at org.junit.platform.launcher.core.InterceptingLauncher.execute(InterceptingLauncher.java:38)
	at org.junit.platform.launcher.core.DelegatingLauncher.execute(DelegatingLauncher.java:47)
	at org.junit.platform.launcher.core.SessionPerRequestLauncher.execute(SessionPerRequestLauncher.java:66)
	at com.intellij.junit5.JUnit5IdeaTestRunner.startRunnerWithArgs(JUnit5IdeaTestRunner.java:66)
	at com.intellij.rt.junit.IdeaTestRunner$Repeater$1.execute(IdeaTestRunner.java:38)
	at com.intellij.rt.execution.junit.TestsRepeater.repeat(TestsRepeater.java:11)
	at com.intellij.rt.junit.IdeaTestRunner$Repeater.startRunnerWithArgs(IdeaTestRunner.java:35)
	at com.intellij.rt.junit.JUnitStarter.prepareStreamsAndStart(JUnitStarter.java:237)
	at com.intellij.rt.junit.JUnitStarter.main(JUnitStarter.java:58)
2025-11-04 21:55:47.685 [main] WARN  controller.customer.AuthServlet - Register error: Không thể gửi email xác thực. Vui lòng thử lại.
2025-11-04 21:55:47.912 [main] INFO  controller.customer.AuthServlet - Verification email sent to: new@test.com
2025-11-04 21:55:47.915 [main] WARN  controller.customer.AuthServlet - Register error: Email không hợp lệ
2025-11-04 21:55:47.918 [main] WARN  controller.customer.AuthServlet - Register error: Họ và tên không được để trống
2025-11-04 21:55:47.922 [main] WARN  controller.customer.AuthServlet - Register error: Yêu cầu không hợp lệ (CSRF)
2025-11-04 21:55:47.936 [main] WARN  controller.customer.AuthServlet - Register error: Email đã được sử dụng
2025-11-04 21:55:48.164 [main] INFO  controller.customer.AuthServlet - Verification email sent to: user@test.com
2025-11-04 21:55:48.391 [main] INFO  controller.customer.AuthServlet - Verification email sent to: user@test.com
2025-11-04 21:55:48.395 [main] WARN  controller.customer.AuthServlet - Register error: Email đã được sử dụng
2025-11-04 21:55:48.400 [main] WARN  controller.customer.AuthServlet - Login error: Mật khẩu không được để trống
2025-11-04 21:55:48.404 [main] INFO  util.SessionUtils - User logged in: admin@test.com (Role: admin, ID: 0)
2025-11-04 21:55:48.405 [main] INFO  controller.customer.AuthServlet - User logged in: admin@test.com (Role: admin)
2025-11-04 21:55:48.408 [main] WARN  controller.customer.AuthServlet - Login error: Mật khẩu không được để trống
2025-11-04 21:55:48.412 [main] INFO  util.SessionUtils - User logged in: admin@test.com (Role: admin, ID: 0)
2025-11-04 21:55:48.412 [main] INFO  controller.customer.AuthServlet - User logged in: admin@test.com (Role: admin)
2025-11-04 21:55:48.415 [main] WARN  controller.customer.AuthServlet - Login error: Email hoặc mật khẩu không đúng
2025-11-04 21:55:48.419 [main] INFO  util.SessionUtils - User logged in: customer@test.com (Role: customer, ID: 0)
2025-11-04 21:55:48.419 [main] INFO  controller.customer.AuthServlet - User logged in: customer@test.com (Role: customer)
2025-11-04 21:55:48.422 [main] INFO  util.SessionUtils - User logged in: user@test.com (Role: customer, ID: 0)
2025-11-04 21:55:48.422 [main] INFO  controller.customer.AuthServlet - User logged in: user@test.com (Role: customer)
2025-11-04 21:55:48.425 [main] WARN  controller.customer.AuthServlet - Login error: Email không hợp lệ
2025-11-04 21:55:48.429 [main] WARN  controller.customer.AuthServlet - Login error: Yêu cầu không hợp lệ (CSRF)
2025-11-04 21:55:48.432 [main] INFO  util.SessionUtils - User logged in: staff@test.com (Role: staff, ID: 0)
2025-11-04 21:55:48.432 [main] INFO  controller.customer.AuthServlet - User logged in: staff@test.com (Role: staff)
2025-11-04 21:55:48.434 [main] WARN  controller.customer.AuthServlet - Login error: Mật khẩu không được để trống
2025-11-04 21:55:48.437 [main] INFO  util.SessionUtils - User logged in: user@test.com (Role: customer, ID: 0)
2025-11-04 21:55:48.438 [main] INFO  controller.customer.AuthServlet - User logged in: user@test.com (Role: customer)
2025-11-04 21:55:48.440 [main] WARN  controller.customer.AuthServlet - Login error: Yêu cầu không hợp lệ (CSRF)
2025-11-04 21:55:48.443 [main] WARN  controller.customer.AuthServlet - Login error: Mật khẩu không được để trống
2025-11-04 21:55:48.446 [main] WARN  controller.customer.AuthServlet - Login error: Email hoặc mật khẩu không đúng
2025-11-04 21:55:48.450 [main] INFO  util.SessionUtils - User logged in: user@test.com (Role: customer, ID: 0)
2025-11-04 21:55:48.450 [main] INFO  controller.customer.AuthServlet - User logged in: user@test.com (Role: customer)
2025-11-04 21:55:48.453 [main] INFO  util.SessionUtils - User logged in: staff@test.com (Role: staff, ID: 0)
2025-11-04 21:55:48.453 [main] INFO  controller.customer.AuthServlet - User logged in: staff@test.com (Role: staff)
2025-11-04 21:55:48.455 [main] WARN  controller.customer.AuthServlet - Login error: Email hoặc mật khẩu không đúng
2025-11-04 21:56:32.737 [main] INFO  service.EmailService - Loaded .env from resources
2025-11-04 21:56:32.738 [main] INFO  service.EmailService - Email config loaded - Host: smtp.gmail.com, Port: 587, From: noreply@carshowroom.com
2025-11-04 21:56:33.036 [main] INFO  controller.customer.AuthServlet - Verification email sent to: newuser@test.com
2025-11-04 21:56:33.051 [main] WARN  controller.customer.AuthServlet - Register error: Họ và tên quá dài (tối đa 100 ký tự)
2025-11-04 21:56:33.057 [main] WARN  controller.customer.AuthServlet - Register error: Mật khẩu xác nhận không khớp
2025-11-04 21:56:33.063 [main] WARN  controller.customer.AuthServlet - Register error: Mật khẩu phải có ít nhất 6 ký tự
2025-11-04 21:56:33.301 [main] ERROR controller.customer.AuthServlet - Failed to send verification email
java.lang.NullPointerException: Cannot invoke "String.equals(Object)" because "scheme" is null
	at controller.customer.AuthServlet.buildUrl(AuthServlet.java:467)
	at controller.customer.AuthServlet.handleRegister(AuthServlet.java:149)
	at controller.customer.AuthServlet.doPost(AuthServlet.java:76)
	at controller.customer.HandleRegisterTest.testPasswordExactly7Chars(HandleRegisterTest.java:463)
	at java.base/jdk.internal.reflect.DirectMethodHandleAccessor.invoke(DirectMethodHandleAccessor.java:104)
	at java.base/java.lang.reflect.Method.invoke(Method.java:565)
	at org.junit.platform.commons.util.ReflectionUtils.invokeMethod(ReflectionUtils.java:787)
	at org.junit.platform.commons.support.ReflectionSupport.invokeMethod(ReflectionSupport.java:479)
	at org.junit.jupiter.engine.execution.MethodInvocation.proceed(MethodInvocation.java:60)
	at org.junit.jupiter.engine.execution.InvocationInterceptorChain$ValidatingInvocation.proceed(InvocationInterceptorChain.java:131)
	at org.junit.jupiter.engine.extension.TimeoutExtension.intercept(TimeoutExtension.java:161)
	at org.junit.jupiter.engine.extension.TimeoutExtension.interceptTestableMethod(TimeoutExtension.java:152)
	at org.junit.jupiter.engine.extension.TimeoutExtension.interceptTestMethod(TimeoutExtension.java:91)
	at org.junit.jupiter.engine.execution.InterceptingExecutableInvoker$ReflectiveInterceptorCall.lambda$ofVoidMethod$0(InterceptingExecutableInvoker.java:112)
	at org.junit.jupiter.engine.execution.InterceptingExecutableInvoker.lambda$invoke$0(InterceptingExecutableInvoker.java:94)
	at org.junit.jupiter.engine.execution.InvocationInterceptorChain$InterceptedInvocation.proceed(InvocationInterceptorChain.java:106)
	at org.junit.jupiter.engine.execution.InvocationInterceptorChain.proceed(InvocationInterceptorChain.java:64)
	at org.junit.jupiter.engine.execution.InvocationInterceptorChain.chainAndInvoke(InvocationInterceptorChain.java:45)
	at org.junit.jupiter.engine.execution.InvocationInterceptorChain.invoke(InvocationInterceptorChain.java:37)
	at org.junit.jupiter.engine.execution.InterceptingExecutableInvoker.invoke(InterceptingExecutableInvoker.java:93)
	at org.junit.jupiter.engine.execution.InterceptingExecutableInvoker.invoke(InterceptingExecutableInvoker.java:87)
	at org.junit.jupiter.engine.descriptor.TestMethodTestDescriptor.lambda$invokeTestMethod$4(TestMethodTestDescriptor.java:221)
	at org.junit.platform.engine.support.hierarchical.ThrowableCollector.execute(ThrowableCollector.java:73)
	at org.junit.jupiter.engine.descriptor.TestMethodTestDescriptor.invokeTestMethod(TestMethodTestDescriptor.java:217)
	at org.junit.jupiter.engine.descriptor.TestMethodTestDescriptor.execute(TestMethodTestDescriptor.java:159)
	at org.junit.jupiter.engine.descriptor.TestMethodTestDescriptor.execute(TestMethodTestDescriptor.java:70)
	at org.junit.platform.engine.support.hierarchical.NodeTestTask.lambda$executeRecursively$6(NodeTestTask.java:157)
	at org.junit.platform.engine.support.hierarchical.ThrowableCollector.execute(ThrowableCollector.java:73)
	at org.junit.platform.engine.support.hierarchical.NodeTestTask.lambda$executeRecursively$8(NodeTestTask.java:147)
	at org.junit.platform.engine.support.hierarchical.Node.around(Node.java:137)
	at org.junit.platform.engine.support.hierarchical.NodeTestTask.lambda$executeRecursively$9(NodeTestTask.java:145)
	at org.junit.platform.engine.support.hierarchical.ThrowableCollector.execute(ThrowableCollector.java:73)
	at org.junit.platform.engine.support.hierarchical.NodeTestTask.executeRecursively(NodeTestTask.java:144)
	at org.junit.platform.engine.support.hierarchical.NodeTestTask.execute(NodeTestTask.java:101)
	at java.base/java.util.ArrayList.forEach(ArrayList.java:1604)
	at org.junit.platform.engine.support.hierarchical.SameThreadHierarchicalTestExecutorService.invokeAll(SameThreadHierarchicalTestExecutorService.java:41)
	at org.junit.platform.engine.support.hierarchical.NodeTestTask.lambda$executeRecursively$6(NodeTestTask.java:161)
	at org.junit.platform.engine.support.hierarchical.ThrowableCollector.execute(ThrowableCollector.java:73)
	at org.junit.platform.engine.support.hierarchical.NodeTestTask.lambda$executeRecursively$8(NodeTestTask.java:147)
	at org.junit.platform.engine.support.hierarchical.Node.around(Node.java:137)
	at org.junit.platform.engine.support.hierarchical.NodeTestTask.lambda$executeRecursively$9(NodeTestTask.java:145)
	at org.junit.platform.engine.support.hierarchical.ThrowableCollector.execute(ThrowableCollector.java:73)
	at org.junit.platform.engine.support.hierarchical.NodeTestTask.executeRecursively(NodeTestTask.java:144)
	at org.junit.platform.engine.support.hierarchical.NodeTestTask.execute(NodeTestTask.java:101)
	at java.base/java.util.ArrayList.forEach(ArrayList.java:1604)
	at org.junit.platform.engine.support.hierarchical.SameThreadHierarchicalTestExecutorService.invokeAll(SameThreadHierarchicalTestExecutorService.java:41)
	at org.junit.platform.engine.support.hierarchical.NodeTestTask.lambda$executeRecursively$6(NodeTestTask.java:161)
	at org.junit.platform.engine.support.hierarchical.ThrowableCollector.execute(ThrowableCollector.java:73)
	at org.junit.platform.engine.support.hierarchical.NodeTestTask.lambda$executeRecursively$8(NodeTestTask.java:147)
	at org.junit.platform.engine.support.hierarchical.Node.around(Node.java:137)
	at org.junit.platform.engine.support.hierarchical.NodeTestTask.lambda$executeRecursively$9(NodeTestTask.java:145)
	at org.junit.platform.engine.support.hierarchical.ThrowableCollector.execute(ThrowableCollector.java:73)
	at org.junit.platform.engine.support.hierarchical.NodeTestTask.executeRecursively(NodeTestTask.java:144)
	at org.junit.platform.engine.support.hierarchical.NodeTestTask.execute(NodeTestTask.java:101)
	at org.junit.platform.engine.support.hierarchical.SameThreadHierarchicalTestExecutorService.submit(SameThreadHierarchicalTestExecutorService.java:35)
	at org.junit.platform.engine.support.hierarchical.HierarchicalTestExecutor.execute(HierarchicalTestExecutor.java:57)
	at org.junit.platform.engine.support.hierarchical.HierarchicalTestEngine.execute(HierarchicalTestEngine.java:54)
	at org.junit.platform.launcher.core.EngineExecutionOrchestrator.executeEngine(EngineExecutionOrchestrator.java:230)
	at org.junit.platform.launcher.core.EngineExecutionOrchestrator.failOrExecuteEngine(EngineExecutionOrchestrator.java:204)
	at org.junit.platform.launcher.core.EngineExecutionOrchestrator.execute(EngineExecutionOrchestrator.java:172)
	at org.junit.platform.launcher.core.EngineExecutionOrchestrator.execute(EngineExecutionOrchestrator.java:101)
	at org.junit.platform.launcher.core.EngineExecutionOrchestrator.lambda$execute$0(EngineExecutionOrchestrator.java:64)
	at org.junit.platform.launcher.core.EngineExecutionOrchestrator.withInterceptedStreams(EngineExecutionOrchestrator.java:150)
	at org.junit.platform.launcher.core.EngineExecutionOrchestrator.execute(EngineExecutionOrchestrator.java:63)
	at org.junit.platform.launcher.core.DefaultLauncher.execute(DefaultLauncher.java:109)
	at org.junit.platform.launcher.core.DefaultLauncher.execute(DefaultLauncher.java:91)
	at org.junit.platform.launcher.core.DelegatingLauncher.execute(DelegatingLauncher.java:47)
	at org.junit.platform.launcher.core.InterceptingLauncher.lambda$execute$1(InterceptingLauncher.java:39)
	at org.junit.platform.launcher.core.ClasspathAlignmentCheckingLauncherInterceptor.intercept(ClasspathAlignmentCheckingLauncherInterceptor.java:25)
	at org.junit.platform.launcher.core.InterceptingLauncher.execute(InterceptingLauncher.java:38)
	at org.junit.platform.launcher.core.DelegatingLauncher.execute(DelegatingLauncher.java:47)
	at org.junit.platform.launcher.core.SessionPerRequestLauncher.execute(SessionPerRequestLauncher.java:66)
	at com.intellij.junit5.JUnit5IdeaTestRunner.startRunnerWithArgs(JUnit5IdeaTestRunner.java:66)
	at com.intellij.rt.junit.IdeaTestRunner$Repeater$1.execute(IdeaTestRunner.java:38)
	at com.intellij.rt.execution.junit.TestsRepeater.repeat(TestsRepeater.java:11)
	at com.intellij.rt.junit.IdeaTestRunner$Repeater.startRunnerWithArgs(IdeaTestRunner.java:35)
	at com.intellij.rt.junit.JUnitStarter.prepareStreamsAndStart(JUnitStarter.java:237)
	at com.intellij.rt.junit.JUnitStarter.main(JUnitStarter.java:58)
2025-11-04 21:56:33.303 [main] WARN  controller.customer.AuthServlet - Register error: Không thể gửi email xác thực. Vui lòng thử lại.
2025-11-04 21:56:33.307 [main] WARN  controller.customer.AuthServlet - Register error: Họ và tên không được để trống
2025-11-04 21:56:33.539 [main] INFO  controller.customer.AuthServlet - Verification email sent to: user@test.com
2025-11-04 21:56:33.770 [main] ERROR controller.customer.AuthServlet - Failed to send verification email
java.lang.RuntimeException: Email service error
	at service.EmailService.sendVerificationEmail(EmailService.java:165)
	at controller.customer.AuthServlet.handleRegister(AuthServlet.java:150)
	at controller.customer.AuthServlet.doPost(AuthServlet.java:76)
	at controller.customer.HandleRegisterTest.testEmailSendFailure(HandleRegisterTest.java:335)
	at java.base/jdk.internal.reflect.DirectMethodHandleAccessor.invoke(DirectMethodHandleAccessor.java:104)
	at java.base/java.lang.reflect.Method.invoke(Method.java:565)
	at org.junit.platform.commons.util.ReflectionUtils.invokeMethod(ReflectionUtils.java:787)
	at org.junit.platform.commons.support.ReflectionSupport.invokeMethod(ReflectionSupport.java:479)
	at org.junit.jupiter.engine.execution.MethodInvocation.proceed(MethodInvocation.java:60)
	at org.junit.jupiter.engine.execution.InvocationInterceptorChain$ValidatingInvocation.proceed(InvocationInterceptorChain.java:131)
	at org.junit.jupiter.engine.extension.TimeoutExtension.intercept(TimeoutExtension.java:161)
	at org.junit.jupiter.engine.extension.TimeoutExtension.interceptTestableMethod(TimeoutExtension.java:152)
	at org.junit.jupiter.engine.extension.TimeoutExtension.interceptTestMethod(TimeoutExtension.java:91)
	at org.junit.jupiter.engine.execution.InterceptingExecutableInvoker$ReflectiveInterceptorCall.lambda$ofVoidMethod$0(InterceptingExecutableInvoker.java:112)
	at org.junit.jupiter.engine.execution.InterceptingExecutableInvoker.lambda$invoke$0(InterceptingExecutableInvoker.java:94)
	at org.junit.jupiter.engine.execution.InvocationInterceptorChain$InterceptedInvocation.proceed(InvocationInterceptorChain.java:106)
	at org.junit.jupiter.engine.execution.InvocationInterceptorChain.proceed(InvocationInterceptorChain.java:64)
	at org.junit.jupiter.engine.execution.InvocationInterceptorChain.chainAndInvoke(InvocationInterceptorChain.java:45)
	at org.junit.jupiter.engine.execution.InvocationInterceptorChain.invoke(InvocationInterceptorChain.java:37)
	at org.junit.jupiter.engine.execution.InterceptingExecutableInvoker.invoke(InterceptingExecutableInvoker.java:93)
	at org.junit.jupiter.engine.execution.InterceptingExecutableInvoker.invoke(InterceptingExecutableInvoker.java:87)
	at org.junit.jupiter.engine.descriptor.TestMethodTestDescriptor.lambda$invokeTestMethod$4(TestMethodTestDescriptor.java:221)
	at org.junit.platform.engine.support.hierarchical.ThrowableCollector.execute(ThrowableCollector.java:73)
	at org.junit.jupiter.engine.descriptor.TestMethodTestDescriptor.invokeTestMethod(TestMethodTestDescriptor.java:217)
	at org.junit.jupiter.engine.descriptor.TestMethodTestDescriptor.execute(TestMethodTestDescriptor.java:159)
	at org.junit.jupiter.engine.descriptor.TestMethodTestDescriptor.execute(TestMethodTestDescriptor.java:70)
	at org.junit.platform.engine.support.hierarchical.NodeTestTask.lambda$executeRecursively$6(NodeTestTask.java:157)
	at org.junit.platform.engine.support.hierarchical.ThrowableCollector.execute(ThrowableCollector.java:73)
	at org.junit.platform.engine.support.hierarchical.NodeTestTask.lambda$executeRecursively$8(NodeTestTask.java:147)
	at org.junit.platform.engine.support.hierarchical.Node.around(Node.java:137)
	at org.junit.platform.engine.support.hierarchical.NodeTestTask.lambda$executeRecursively$9(NodeTestTask.java:145)
	at org.junit.platform.engine.support.hierarchical.ThrowableCollector.execute(ThrowableCollector.java:73)
	at org.junit.platform.engine.support.hierarchical.NodeTestTask.executeRecursively(NodeTestTask.java:144)
	at org.junit.platform.engine.support.hierarchical.NodeTestTask.execute(NodeTestTask.java:101)
	at java.base/java.util.ArrayList.forEach(ArrayList.java:1604)
	at org.junit.platform.engine.support.hierarchical.SameThreadHierarchicalTestExecutorService.invokeAll(SameThreadHierarchicalTestExecutorService.java:41)
	at org.junit.platform.engine.support.hierarchical.NodeTestTask.lambda$executeRecursively$6(NodeTestTask.java:161)
	at org.junit.platform.engine.support.hierarchical.ThrowableCollector.execute(ThrowableCollector.java:73)
	at org.junit.platform.engine.support.hierarchical.NodeTestTask.lambda$executeRecursively$8(NodeTestTask.java:147)
	at org.junit.platform.engine.support.hierarchical.Node.around(Node.java:137)
	at org.junit.platform.engine.support.hierarchical.NodeTestTask.lambda$executeRecursively$9(NodeTestTask.java:145)
	at org.junit.platform.engine.support.hierarchical.ThrowableCollector.execute(ThrowableCollector.java:73)
	at org.junit.platform.engine.support.hierarchical.NodeTestTask.executeRecursively(NodeTestTask.java:144)
	at org.junit.platform.engine.support.hierarchical.NodeTestTask.execute(NodeTestTask.java:101)
	at java.base/java.util.ArrayList.forEach(ArrayList.java:1604)
	at org.junit.platform.engine.support.hierarchical.SameThreadHierarchicalTestExecutorService.invokeAll(SameThreadHierarchicalTestExecutorService.java:41)
	at org.junit.platform.engine.support.hierarchical.NodeTestTask.lambda$executeRecursively$6(NodeTestTask.java:161)
	at org.junit.platform.engine.support.hierarchical.ThrowableCollector.execute(ThrowableCollector.java:73)
	at org.junit.platform.engine.support.hierarchical.NodeTestTask.lambda$executeRecursively$8(NodeTestTask.java:147)
	at org.junit.platform.engine.support.hierarchical.Node.around(Node.java:137)
	at org.junit.platform.engine.support.hierarchical.NodeTestTask.lambda$executeRecursively$9(NodeTestTask.java:145)
	at org.junit.platform.engine.support.hierarchical.ThrowableCollector.execute(ThrowableCollector.java:73)
	at org.junit.platform.engine.support.hierarchical.NodeTestTask.executeRecursively(NodeTestTask.java:144)
	at org.junit.platform.engine.support.hierarchical.NodeTestTask.execute(NodeTestTask.java:101)
	at org.junit.platform.engine.support.hierarchical.SameThreadHierarchicalTestExecutorService.submit(SameThreadHierarchicalTestExecutorService.java:35)
	at org.junit.platform.engine.support.hierarchical.HierarchicalTestExecutor.execute(HierarchicalTestExecutor.java:57)
	at org.junit.platform.engine.support.hierarchical.HierarchicalTestEngine.execute(HierarchicalTestEngine.java:54)
	at org.junit.platform.launcher.core.EngineExecutionOrchestrator.executeEngine(EngineExecutionOrchestrator.java:230)
	at org.junit.platform.launcher.core.EngineExecutionOrchestrator.failOrExecuteEngine(EngineExecutionOrchestrator.java:204)
	at org.junit.platform.launcher.core.EngineExecutionOrchestrator.execute(EngineExecutionOrchestrator.java:172)
	at org.junit.platform.launcher.core.EngineExecutionOrchestrator.execute(EngineExecutionOrchestrator.java:101)
	at org.junit.platform.launcher.core.EngineExecutionOrchestrator.lambda$execute$0(EngineExecutionOrchestrator.java:64)
	at org.junit.platform.launcher.core.EngineExecutionOrchestrator.withInterceptedStreams(EngineExecutionOrchestrator.java:150)
	at org.junit.platform.launcher.core.EngineExecutionOrchestrator.execute(EngineExecutionOrchestrator.java:63)
	at org.junit.platform.launcher.core.DefaultLauncher.execute(DefaultLauncher.java:109)
	at org.junit.platform.launcher.core.DefaultLauncher.execute(DefaultLauncher.java:91)
	at org.junit.platform.launcher.core.DelegatingLauncher.execute(DelegatingLauncher.java:47)
	at org.junit.platform.launcher.core.InterceptingLauncher.lambda$execute$1(InterceptingLauncher.java:39)
	at org.junit.platform.launcher.core.ClasspathAlignmentCheckingLauncherInterceptor.intercept(ClasspathAlignmentCheckingLauncherInterceptor.java:25)
	at org.junit.platform.launcher.core.InterceptingLauncher.execute(InterceptingLauncher.java:38)
	at org.junit.platform.launcher.core.DelegatingLauncher.execute(DelegatingLauncher.java:47)
	at org.junit.platform.launcher.core.SessionPerRequestLauncher.execute(SessionPerRequestLauncher.java:66)
	at com.intellij.junit5.JUnit5IdeaTestRunner.startRunnerWithArgs(JUnit5IdeaTestRunner.java:66)
	at com.intellij.rt.junit.IdeaTestRunner$Repeater$1.execute(IdeaTestRunner.java:38)
	at com.intellij.rt.execution.junit.TestsRepeater.repeat(TestsRepeater.java:11)
	at com.intellij.rt.junit.IdeaTestRunner$Repeater.startRunnerWithArgs(IdeaTestRunner.java:35)
	at com.intellij.rt.junit.JUnitStarter.prepareStreamsAndStart(JUnitStarter.java:237)
	at com.intellij.rt.junit.JUnitStarter.main(JUnitStarter.java:58)
2025-11-04 21:56:33.770 [main] WARN  controller.customer.AuthServlet - Register error: Không thể gửi email xác thực. Vui lòng thử lại.
2025-11-04 21:56:34.002 [main] INFO  controller.customer.AuthServlet - Verification email sent to: new@test.com
2025-11-04 21:56:34.007 [main] WARN  controller.customer.AuthServlet - Register error: Email không hợp lệ
2025-11-04 21:56:34.011 [main] WARN  controller.customer.AuthServlet - Register error: Họ và tên không được để trống
2025-11-04 21:56:34.015 [main] WARN  controller.customer.AuthServlet - Register error: Yêu cầu không hợp lệ (CSRF)
2025-11-04 21:56:34.027 [main] WARN  controller.customer.AuthServlet - Register error: Email đã được sử dụng
2025-11-04 21:56:34.256 [main] INFO  controller.customer.AuthServlet - Verification email sent to: user@test.com
2025-11-04 21:56:34.483 [main] INFO  controller.customer.AuthServlet - Verification email sent to: user@test.com
2025-11-04 21:56:34.486 [main] WARN  controller.customer.AuthServlet - Register error: Email đã được sử dụng
2025-11-04 21:56:34.491 [main] WARN  controller.customer.AuthServlet - Login error: Mật khẩu không được để trống
2025-11-04 21:56:34.495 [main] INFO  util.SessionUtils - User logged in: admin@test.com (Role: admin, ID: 0)
2025-11-04 21:56:34.495 [main] INFO  controller.customer.AuthServlet - User logged in: admin@test.com (Role: admin)
2025-11-04 21:56:34.500 [main] WARN  controller.customer.AuthServlet - Login error: Mật khẩu không được để trống
2025-11-04 21:56:34.504 [main] INFO  util.SessionUtils - User logged in: admin@test.com (Role: admin, ID: 0)
2025-11-04 21:56:34.504 [main] INFO  controller.customer.AuthServlet - User logged in: admin@test.com (Role: admin)
2025-11-04 21:56:34.507 [main] WARN  controller.customer.AuthServlet - Login error: Email hoặc mật khẩu không đúng
2025-11-04 21:56:34.511 [main] INFO  util.SessionUtils - User logged in: customer@test.com (Role: customer, ID: 0)
2025-11-04 21:56:34.511 [main] INFO  controller.customer.AuthServlet - User logged in: customer@test.com (Role: customer)
2025-11-04 21:56:34.514 [main] INFO  util.SessionUtils - User logged in: user@test.com (Role: customer, ID: 0)
2025-11-04 21:56:34.514 [main] INFO  controller.customer.AuthServlet - User logged in: user@test.com (Role: customer)
2025-11-04 21:56:34.517 [main] WARN  controller.customer.AuthServlet - Login error: Email không hợp lệ
2025-11-04 21:56:34.521 [main] WARN  controller.customer.AuthServlet - Login error: Yêu cầu không hợp lệ (CSRF)
2025-11-04 21:56:34.525 [main] INFO  util.SessionUtils - User logged in: staff@test.com (Role: staff, ID: 0)
2025-11-04 21:56:34.525 [main] INFO  controller.customer.AuthServlet - User logged in: staff@test.com (Role: staff)
2025-11-04 21:56:34.528 [main] WARN  controller.customer.AuthServlet - Login error: Mật khẩu không được để trống
2025-11-04 21:56:34.532 [main] INFO  util.SessionUtils - User logged in: user@test.com (Role: customer, ID: 0)
2025-11-04 21:56:34.532 [main] INFO  controller.customer.AuthServlet - User logged in: user@test.com (Role: customer)
2025-11-04 21:56:34.535 [main] WARN  controller.customer.AuthServlet - Login error: Yêu cầu không hợp lệ (CSRF)
2025-11-04 21:56:34.538 [main] WARN  controller.customer.AuthServlet - Login error: Mật khẩu không được để trống
2025-11-04 21:56:34.542 [main] WARN  controller.customer.AuthServlet - Login error: Email hoặc mật khẩu không đúng
2025-11-04 21:56:34.546 [main] INFO  util.SessionUtils - User logged in: user@test.com (Role: customer, ID: 0)
2025-11-04 21:56:34.546 [main] INFO  controller.customer.AuthServlet - User logged in: user@test.com (Role: customer)
2025-11-04 21:56:34.548 [main] INFO  util.SessionUtils - User logged in: staff@test.com (Role: staff, ID: 0)
2025-11-04 21:56:34.549 [main] INFO  controller.customer.AuthServlet - User logged in: staff@test.com (Role: staff)
2025-11-04 21:56:34.550 [main] WARN  controller.customer.AuthServlet - Login error: Email hoặc mật khẩu không đúng
2025-11-04 22:01:31.206 [main] INFO  service.EmailService - Loaded .env from resources
2025-11-04 22:01:31.208 [main] INFO  service.EmailService - Email config loaded - Host: smtp.gmail.com, Port: 587, From: noreply@carshowroom.com
2025-11-04 22:01:31.307 [main] WARN  controller.customer.AuthServlet - Register error: Yêu cầu không hợp lệ (CSRF)
2025-11-04 22:02:56.314 [main] INFO  service.EmailService - Loaded .env from resources
2025-11-04 22:02:56.315 [main] INFO  service.EmailService - Email config loaded - Host: smtp.gmail.com, Port: 587, From: noreply@carshowroom.com
2025-11-04 22:02:56.619 [main] INFO  controller.customer.AuthServlet - Verification email sent to: newuser@test.com
2025-11-04 22:02:56.634 [main] WARN  controller.customer.AuthServlet - Register error: Họ và tên quá dài (tối đa 100 ký tự)
2025-11-04 22:02:56.640 [main] WARN  controller.customer.AuthServlet - Register error: Mật khẩu xác nhận không khớp
2025-11-04 22:02:56.648 [main] WARN  controller.customer.AuthServlet - Register error: Mật khẩu phải có ít nhất 6 ký tự
2025-11-04 22:02:56.879 [main] ERROR controller.customer.AuthServlet - Failed to send verification email
java.lang.NullPointerException: Cannot invoke "String.equals(Object)" because "scheme" is null
	at controller.customer.AuthServlet.buildUrl(AuthServlet.java:467)
	at controller.customer.AuthServlet.handleRegister(AuthServlet.java:149)
	at controller.customer.AuthServlet.doPost(AuthServlet.java:76)
	at controller.customer.HandleRegisterTest.testPasswordExactly7Chars(HandleRegisterTest.java:463)
	at java.base/jdk.internal.reflect.DirectMethodHandleAccessor.invoke(DirectMethodHandleAccessor.java:104)
	at java.base/java.lang.reflect.Method.invoke(Method.java:565)
	at org.junit.platform.commons.util.ReflectionUtils.invokeMethod(ReflectionUtils.java:787)
	at org.junit.platform.commons.support.ReflectionSupport.invokeMethod(ReflectionSupport.java:479)
	at org.junit.jupiter.engine.execution.MethodInvocation.proceed(MethodInvocation.java:60)
	at org.junit.jupiter.engine.execution.InvocationInterceptorChain$ValidatingInvocation.proceed(InvocationInterceptorChain.java:131)
	at org.junit.jupiter.engine.extension.TimeoutExtension.intercept(TimeoutExtension.java:161)
	at org.junit.jupiter.engine.extension.TimeoutExtension.interceptTestableMethod(TimeoutExtension.java:152)
	at org.junit.jupiter.engine.extension.TimeoutExtension.interceptTestMethod(TimeoutExtension.java:91)
	at org.junit.jupiter.engine.execution.InterceptingExecutableInvoker$ReflectiveInterceptorCall.lambda$ofVoidMethod$0(InterceptingExecutableInvoker.java:112)
	at org.junit.jupiter.engine.execution.InterceptingExecutableInvoker.lambda$invoke$0(InterceptingExecutableInvoker.java:94)
	at org.junit.jupiter.engine.execution.InvocationInterceptorChain$InterceptedInvocation.proceed(InvocationInterceptorChain.java:106)
	at org.junit.jupiter.engine.execution.InvocationInterceptorChain.proceed(InvocationInterceptorChain.java:64)
	at org.junit.jupiter.engine.execution.InvocationInterceptorChain.chainAndInvoke(InvocationInterceptorChain.java:45)
	at org.junit.jupiter.engine.execution.InvocationInterceptorChain.invoke(InvocationInterceptorChain.java:37)
	at org.junit.jupiter.engine.execution.InterceptingExecutableInvoker.invoke(InterceptingExecutableInvoker.java:93)
	at org.junit.jupiter.engine.execution.InterceptingExecutableInvoker.invoke(InterceptingExecutableInvoker.java:87)
	at org.junit.jupiter.engine.descriptor.TestMethodTestDescriptor.lambda$invokeTestMethod$4(TestMethodTestDescriptor.java:221)
	at org.junit.platform.engine.support.hierarchical.ThrowableCollector.execute(ThrowableCollector.java:73)
	at org.junit.jupiter.engine.descriptor.TestMethodTestDescriptor.invokeTestMethod(TestMethodTestDescriptor.java:217)
	at org.junit.jupiter.engine.descriptor.TestMethodTestDescriptor.execute(TestMethodTestDescriptor.java:159)
	at org.junit.jupiter.engine.descriptor.TestMethodTestDescriptor.execute(TestMethodTestDescriptor.java:70)
	at org.junit.platform.engine.support.hierarchical.NodeTestTask.lambda$executeRecursively$6(NodeTestTask.java:157)
	at org.junit.platform.engine.support.hierarchical.ThrowableCollector.execute(ThrowableCollector.java:73)
	at org.junit.platform.engine.support.hierarchical.NodeTestTask.lambda$executeRecursively$8(NodeTestTask.java:147)
	at org.junit.platform.engine.support.hierarchical.Node.around(Node.java:137)
	at org.junit.platform.engine.support.hierarchical.NodeTestTask.lambda$executeRecursively$9(NodeTestTask.java:145)
	at org.junit.platform.engine.support.hierarchical.ThrowableCollector.execute(ThrowableCollector.java:73)
	at org.junit.platform.engine.support.hierarchical.NodeTestTask.executeRecursively(NodeTestTask.java:144)
	at org.junit.platform.engine.support.hierarchical.NodeTestTask.execute(NodeTestTask.java:101)
	at java.base/java.util.ArrayList.forEach(ArrayList.java:1604)
	at org.junit.platform.engine.support.hierarchical.SameThreadHierarchicalTestExecutorService.invokeAll(SameThreadHierarchicalTestExecutorService.java:41)
	at org.junit.platform.engine.support.hierarchical.NodeTestTask.lambda$executeRecursively$6(NodeTestTask.java:161)
	at org.junit.platform.engine.support.hierarchical.ThrowableCollector.execute(ThrowableCollector.java:73)
	at org.junit.platform.engine.support.hierarchical.NodeTestTask.lambda$executeRecursively$8(NodeTestTask.java:147)
	at org.junit.platform.engine.support.hierarchical.Node.around(Node.java:137)
	at org.junit.platform.engine.support.hierarchical.NodeTestTask.lambda$executeRecursively$9(NodeTestTask.java:145)
	at org.junit.platform.engine.support.hierarchical.ThrowableCollector.execute(ThrowableCollector.java:73)
	at org.junit.platform.engine.support.hierarchical.NodeTestTask.executeRecursively(NodeTestTask.java:144)
	at org.junit.platform.engine.support.hierarchical.NodeTestTask.execute(NodeTestTask.java:101)
	at java.base/java.util.ArrayList.forEach(ArrayList.java:1604)
	at org.junit.platform.engine.support.hierarchical.SameThreadHierarchicalTestExecutorService.invokeAll(SameThreadHierarchicalTestExecutorService.java:41)
	at org.junit.platform.engine.support.hierarchical.NodeTestTask.lambda$executeRecursively$6(NodeTestTask.java:161)
	at org.junit.platform.engine.support.hierarchical.ThrowableCollector.execute(ThrowableCollector.java:73)
	at org.junit.platform.engine.support.hierarchical.NodeTestTask.lambda$executeRecursively$8(NodeTestTask.java:147)
	at org.junit.platform.engine.support.hierarchical.Node.around(Node.java:137)
	at org.junit.platform.engine.support.hierarchical.NodeTestTask.lambda$executeRecursively$9(NodeTestTask.java:145)
	at org.junit.platform.engine.support.hierarchical.ThrowableCollector.execute(ThrowableCollector.java:73)
	at org.junit.platform.engine.support.hierarchical.NodeTestTask.executeRecursively(NodeTestTask.java:144)
	at org.junit.platform.engine.support.hierarchical.NodeTestTask.execute(NodeTestTask.java:101)
	at org.junit.platform.engine.support.hierarchical.SameThreadHierarchicalTestExecutorService.submit(SameThreadHierarchicalTestExecutorService.java:35)
	at org.junit.platform.engine.support.hierarchical.HierarchicalTestExecutor.execute(HierarchicalTestExecutor.java:57)
	at org.junit.platform.engine.support.hierarchical.HierarchicalTestEngine.execute(HierarchicalTestEngine.java:54)
	at org.junit.platform.launcher.core.EngineExecutionOrchestrator.executeEngine(EngineExecutionOrchestrator.java:230)
	at org.junit.platform.launcher.core.EngineExecutionOrchestrator.failOrExecuteEngine(EngineExecutionOrchestrator.java:204)
	at org.junit.platform.launcher.core.EngineExecutionOrchestrator.execute(EngineExecutionOrchestrator.java:172)
	at org.junit.platform.launcher.core.EngineExecutionOrchestrator.execute(EngineExecutionOrchestrator.java:101)
	at org.junit.platform.launcher.core.EngineExecutionOrchestrator.lambda$execute$0(EngineExecutionOrchestrator.java:64)
	at org.junit.platform.launcher.core.EngineExecutionOrchestrator.withInterceptedStreams(EngineExecutionOrchestrator.java:150)
	at org.junit.platform.launcher.core.EngineExecutionOrchestrator.execute(EngineExecutionOrchestrator.java:63)
	at org.junit.platform.launcher.core.DefaultLauncher.execute(DefaultLauncher.java:109)
	at org.junit.platform.launcher.core.DefaultLauncher.execute(DefaultLauncher.java:91)
	at org.junit.platform.launcher.core.DelegatingLauncher.execute(DelegatingLauncher.java:47)
	at org.junit.platform.launcher.core.InterceptingLauncher.lambda$execute$1(InterceptingLauncher.java:39)
	at org.junit.platform.launcher.core.ClasspathAlignmentCheckingLauncherInterceptor.intercept(ClasspathAlignmentCheckingLauncherInterceptor.java:25)
	at org.junit.platform.launcher.core.InterceptingLauncher.execute(InterceptingLauncher.java:38)
	at org.junit.platform.launcher.core.DelegatingLauncher.execute(DelegatingLauncher.java:47)
	at org.junit.platform.launcher.core.SessionPerRequestLauncher.execute(SessionPerRequestLauncher.java:66)
	at com.intellij.junit5.JUnit5IdeaTestRunner.startRunnerWithArgs(JUnit5IdeaTestRunner.java:66)
	at com.intellij.rt.junit.IdeaTestRunner$Repeater$1.execute(IdeaTestRunner.java:38)
	at com.intellij.rt.execution.junit.TestsRepeater.repeat(TestsRepeater.java:11)
	at com.intellij.rt.junit.IdeaTestRunner$Repeater.startRunnerWithArgs(IdeaTestRunner.java:35)
	at com.intellij.rt.junit.JUnitStarter.prepareStreamsAndStart(JUnitStarter.java:237)
	at com.intellij.rt.junit.JUnitStarter.main(JUnitStarter.java:58)
2025-11-04 22:02:56.883 [main] WARN  controller.customer.AuthServlet - Register error: Không thể gửi email xác thực. Vui lòng thử lại.
2025-11-04 22:02:56.889 [main] WARN  controller.customer.AuthServlet - Register error: Họ và tên không được để trống
2025-11-04 22:02:57.121 [main] INFO  controller.customer.AuthServlet - Verification email sent to: user@test.com
2025-11-04 22:02:57.355 [main] ERROR controller.customer.AuthServlet - Failed to send verification email
java.lang.RuntimeException: Email service error
	at service.EmailService.sendVerificationEmail(EmailService.java:165)
	at controller.customer.AuthServlet.handleRegister(AuthServlet.java:150)
	at controller.customer.AuthServlet.doPost(AuthServlet.java:76)
	at controller.customer.HandleRegisterTest.testEmailSendFailure(HandleRegisterTest.java:335)
	at java.base/jdk.internal.reflect.DirectMethodHandleAccessor.invoke(DirectMethodHandleAccessor.java:104)
	at java.base/java.lang.reflect.Method.invoke(Method.java:565)
	at org.junit.platform.commons.util.ReflectionUtils.invokeMethod(ReflectionUtils.java:787)
	at org.junit.platform.commons.support.ReflectionSupport.invokeMethod(ReflectionSupport.java:479)
	at org.junit.jupiter.engine.execution.MethodInvocation.proceed(MethodInvocation.java:60)
	at org.junit.jupiter.engine.execution.InvocationInterceptorChain$ValidatingInvocation.proceed(InvocationInterceptorChain.java:131)
	at org.junit.jupiter.engine.extension.TimeoutExtension.intercept(TimeoutExtension.java:161)
	at org.junit.jupiter.engine.extension.TimeoutExtension.interceptTestableMethod(TimeoutExtension.java:152)
	at org.junit.jupiter.engine.extension.TimeoutExtension.interceptTestMethod(TimeoutExtension.java:91)
	at org.junit.jupiter.engine.execution.InterceptingExecutableInvoker$ReflectiveInterceptorCall.lambda$ofVoidMethod$0(InterceptingExecutableInvoker.java:112)
	at org.junit.jupiter.engine.execution.InterceptingExecutableInvoker.lambda$invoke$0(InterceptingExecutableInvoker.java:94)
	at org.junit.jupiter.engine.execution.InvocationInterceptorChain$InterceptedInvocation.proceed(InvocationInterceptorChain.java:106)
	at org.junit.jupiter.engine.execution.InvocationInterceptorChain.proceed(InvocationInterceptorChain.java:64)
	at org.junit.jupiter.engine.execution.InvocationInterceptorChain.chainAndInvoke(InvocationInterceptorChain.java:45)
	at org.junit.jupiter.engine.execution.InvocationInterceptorChain.invoke(InvocationInterceptorChain.java:37)
	at org.junit.jupiter.engine.execution.InterceptingExecutableInvoker.invoke(InterceptingExecutableInvoker.java:93)
	at org.junit.jupiter.engine.execution.InterceptingExecutableInvoker.invoke(InterceptingExecutableInvoker.java:87)
	at org.junit.jupiter.engine.descriptor.TestMethodTestDescriptor.lambda$invokeTestMethod$4(TestMethodTestDescriptor.java:221)
	at org.junit.platform.engine.support.hierarchical.ThrowableCollector.execute(ThrowableCollector.java:73)
	at org.junit.jupiter.engine.descriptor.TestMethodTestDescriptor.invokeTestMethod(TestMethodTestDescriptor.java:217)
	at org.junit.jupiter.engine.descriptor.TestMethodTestDescriptor.execute(TestMethodTestDescriptor.java:159)
	at org.junit.jupiter.engine.descriptor.TestMethodTestDescriptor.execute(TestMethodTestDescriptor.java:70)
	at org.junit.platform.engine.support.hierarchical.NodeTestTask.lambda$executeRecursively$6(NodeTestTask.java:157)
	at org.junit.platform.engine.support.hierarchical.ThrowableCollector.execute(ThrowableCollector.java:73)
	at org.junit.platform.engine.support.hierarchical.NodeTestTask.lambda$executeRecursively$8(NodeTestTask.java:147)
	at org.junit.platform.engine.support.hierarchical.Node.around(Node.java:137)
	at org.junit.platform.engine.support.hierarchical.NodeTestTask.lambda$executeRecursively$9(NodeTestTask.java:145)
	at org.junit.platform.engine.support.hierarchical.ThrowableCollector.execute(ThrowableCollector.java:73)
	at org.junit.platform.engine.support.hierarchical.NodeTestTask.executeRecursively(NodeTestTask.java:144)
	at org.junit.platform.engine.support.hierarchical.NodeTestTask.execute(NodeTestTask.java:101)
	at java.base/java.util.ArrayList.forEach(ArrayList.java:1604)
	at org.junit.platform.engine.support.hierarchical.SameThreadHierarchicalTestExecutorService.invokeAll(SameThreadHierarchicalTestExecutorService.java:41)
	at org.junit.platform.engine.support.hierarchical.NodeTestTask.lambda$executeRecursively$6(NodeTestTask.java:161)
	at org.junit.platform.engine.support.hierarchical.ThrowableCollector.execute(ThrowableCollector.java:73)
	at org.junit.platform.engine.support.hierarchical.NodeTestTask.lambda$executeRecursively$8(NodeTestTask.java:147)
	at org.junit.platform.engine.support.hierarchical.Node.around(Node.java:137)
	at org.junit.platform.engine.support.hierarchical.NodeTestTask.lambda$executeRecursively$9(NodeTestTask.java:145)
	at org.junit.platform.engine.support.hierarchical.ThrowableCollector.execute(ThrowableCollector.java:73)
	at org.junit.platform.engine.support.hierarchical.NodeTestTask.executeRecursively(NodeTestTask.java:144)
	at org.junit.platform.engine.support.hierarchical.NodeTestTask.execute(NodeTestTask.java:101)
	at java.base/java.util.ArrayList.forEach(ArrayList.java:1604)
	at org.junit.platform.engine.support.hierarchical.SameThreadHierarchicalTestExecutorService.invokeAll(SameThreadHierarchicalTestExecutorService.java:41)
	at org.junit.platform.engine.support.hierarchical.NodeTestTask.lambda$executeRecursively$6(NodeTestTask.java:161)
	at org.junit.platform.engine.support.hierarchical.ThrowableCollector.execute(ThrowableCollector.java:73)
	at org.junit.platform.engine.support.hierarchical.NodeTestTask.lambda$executeRecursively$8(NodeTestTask.java:147)
	at org.junit.platform.engine.support.hierarchical.Node.around(Node.java:137)
	at org.junit.platform.engine.support.hierarchical.NodeTestTask.lambda$executeRecursively$9(NodeTestTask.java:145)
	at org.junit.platform.engine.support.hierarchical.ThrowableCollector.execute(ThrowableCollector.java:73)
	at org.junit.platform.engine.support.hierarchical.NodeTestTask.executeRecursively(NodeTestTask.java:144)
	at org.junit.platform.engine.support.hierarchical.NodeTestTask.execute(NodeTestTask.java:101)
	at org.junit.platform.engine.support.hierarchical.SameThreadHierarchicalTestExecutorService.submit(SameThreadHierarchicalTestExecutorService.java:35)
	at org.junit.platform.engine.support.hierarchical.HierarchicalTestExecutor.execute(HierarchicalTestExecutor.java:57)
	at org.junit.platform.engine.support.hierarchical.HierarchicalTestEngine.execute(HierarchicalTestEngine.java:54)
	at org.junit.platform.launcher.core.EngineExecutionOrchestrator.executeEngine(EngineExecutionOrchestrator.java:230)
	at org.junit.platform.launcher.core.EngineExecutionOrchestrator.failOrExecuteEngine(EngineExecutionOrchestrator.java:204)
	at org.junit.platform.launcher.core.EngineExecutionOrchestrator.execute(EngineExecutionOrchestrator.java:172)
	at org.junit.platform.launcher.core.EngineExecutionOrchestrator.execute(EngineExecutionOrchestrator.java:101)
	at org.junit.platform.launcher.core.EngineExecutionOrchestrator.lambda$execute$0(EngineExecutionOrchestrator.java:64)
	at org.junit.platform.launcher.core.EngineExecutionOrchestrator.withInterceptedStreams(EngineExecutionOrchestrator.java:150)
	at org.junit.platform.launcher.core.EngineExecutionOrchestrator.execute(EngineExecutionOrchestrator.java:63)
	at org.junit.platform.launcher.core.DefaultLauncher.execute(DefaultLauncher.java:109)
	at org.junit.platform.launcher.core.DefaultLauncher.execute(DefaultLauncher.java:91)
	at org.junit.platform.launcher.core.DelegatingLauncher.execute(DelegatingLauncher.java:47)
	at org.junit.platform.launcher.core.InterceptingLauncher.lambda$execute$1(InterceptingLauncher.java:39)
	at org.junit.platform.launcher.core.ClasspathAlignmentCheckingLauncherInterceptor.intercept(ClasspathAlignmentCheckingLauncherInterceptor.java:25)
	at org.junit.platform.launcher.core.InterceptingLauncher.execute(InterceptingLauncher.java:38)
	at org.junit.platform.launcher.core.DelegatingLauncher.execute(DelegatingLauncher.java:47)
	at org.junit.platform.launcher.core.SessionPerRequestLauncher.execute(SessionPerRequestLauncher.java:66)
	at com.intellij.junit5.JUnit5IdeaTestRunner.startRunnerWithArgs(JUnit5IdeaTestRunner.java:66)
	at com.intellij.rt.junit.IdeaTestRunner$Repeater$1.execute(IdeaTestRunner.java:38)
	at com.intellij.rt.execution.junit.TestsRepeater.repeat(TestsRepeater.java:11)
	at com.intellij.rt.junit.IdeaTestRunner$Repeater.startRunnerWithArgs(IdeaTestRunner.java:35)
	at com.intellij.rt.junit.JUnitStarter.prepareStreamsAndStart(JUnitStarter.java:237)
	at com.intellij.rt.junit.JUnitStarter.main(JUnitStarter.java:58)
2025-11-04 22:02:57.356 [main] WARN  controller.customer.AuthServlet - Register error: Không thể gửi email xác thực. Vui lòng thử lại.
2025-11-04 22:02:57.587 [main] INFO  controller.customer.AuthServlet - Verification email sent to: new@test.com
2025-11-04 22:02:57.592 [main] WARN  controller.customer.AuthServlet - Register error: Email không hợp lệ
2025-11-04 22:02:57.597 [main] WARN  controller.customer.AuthServlet - Register error: Họ và tên không được để trống
2025-11-04 22:02:57.602 [main] WARN  controller.customer.AuthServlet - Register error: Yêu cầu không hợp lệ (CSRF)
2025-11-04 22:02:57.612 [main] WARN  controller.customer.AuthServlet - Register error: Email đã được sử dụng
2025-11-04 22:02:57.844 [main] INFO  controller.customer.AuthServlet - Verification email sent to: user@test.com
2025-11-04 22:02:58.076 [main] INFO  controller.customer.AuthServlet - Verification email sent to: user@test.com
2025-11-04 22:02:58.080 [main] WARN  controller.customer.AuthServlet - Register error: Email đã được sử dụng
2025-11-04 22:02:58.083 [main] WARN  controller.customer.AuthServlet - Login error: Mật khẩu không được để trống
2025-11-04 22:02:58.089 [main] INFO  util.SessionUtils - User logged in: admin@test.com (Role: admin, ID: 0)
2025-11-04 22:02:58.089 [main] INFO  controller.customer.AuthServlet - User logged in: admin@test.com (Role: admin)
2025-11-04 22:02:58.094 [main] WARN  controller.customer.AuthServlet - Login error: Mật khẩu không được để trống
2025-11-04 22:02:58.098 [main] INFO  util.SessionUtils - User logged in: admin@test.com (Role: admin, ID: 0)
2025-11-04 22:02:58.099 [main] INFO  controller.customer.AuthServlet - User logged in: admin@test.com (Role: admin)
2025-11-04 22:02:58.102 [main] WARN  controller.customer.AuthServlet - Login error: Email hoặc mật khẩu không đúng
2025-11-04 22:02:58.106 [main] INFO  util.SessionUtils - User logged in: customer@test.com (Role: customer, ID: 0)
2025-11-04 22:02:58.106 [main] INFO  controller.customer.AuthServlet - User logged in: customer@test.com (Role: customer)
2025-11-04 22:02:58.110 [main] INFO  util.SessionUtils - User logged in: user@test.com (Role: customer, ID: 0)
2025-11-04 22:02:58.110 [main] INFO  controller.customer.AuthServlet - User logged in: user@test.com (Role: customer)
2025-11-04 22:02:58.113 [main] WARN  controller.customer.AuthServlet - Login error: Email không hợp lệ
2025-11-04 22:02:58.116 [main] WARN  controller.customer.AuthServlet - Login error: Yêu cầu không hợp lệ (CSRF)
2025-11-04 22:02:58.120 [main] INFO  util.SessionUtils - User logged in: staff@test.com (Role: staff, ID: 0)
2025-11-04 22:02:58.120 [main] INFO  controller.customer.AuthServlet - User logged in: staff@test.com (Role: staff)
2025-11-04 22:02:58.123 [main] WARN  controller.customer.AuthServlet - Login error: Mật khẩu không được để trống
2025-11-04 22:02:58.126 [main] INFO  util.SessionUtils - User logged in: user@test.com (Role: customer, ID: 0)
2025-11-04 22:02:58.127 [main] INFO  controller.customer.AuthServlet - User logged in: user@test.com (Role: customer)
2025-11-04 22:02:58.130 [main] WARN  controller.customer.AuthServlet - Login error: Yêu cầu không hợp lệ (CSRF)
2025-11-04 22:02:58.133 [main] WARN  controller.customer.AuthServlet - Login error: Mật khẩu không được để trống
2025-11-04 22:02:58.137 [main] WARN  controller.customer.AuthServlet - Login error: Email hoặc mật khẩu không đúng
2025-11-04 22:02:58.140 [main] INFO  util.SessionUtils - User logged in: user@test.com (Role: customer, ID: 0)
2025-11-04 22:02:58.140 [main] INFO  controller.customer.AuthServlet - User logged in: user@test.com (Role: customer)
2025-11-04 22:02:58.142 [main] INFO  util.SessionUtils - User logged in: staff@test.com (Role: staff, ID: 0)
2025-11-04 22:02:58.142 [main] INFO  controller.customer.AuthServlet - User logged in: staff@test.com (Role: staff)
2025-11-04 22:02:58.144 [main] WARN  controller.customer.AuthServlet - Login error: Email hoặc mật khẩu không đúng
2025-11-04 22:07:46.108 [main] INFO  service.EmailService - Loaded .env from resources
2025-11-04 22:07:46.109 [main] INFO  service.EmailService - Email config loaded - Host: smtp.gmail.com, Port: 587, From: noreply@carshowroom.com
2025-11-04 22:07:46.404 [main] INFO  controller.customer.AuthServlet - Verification email sent to: newuser@test.com
2025-11-04 22:07:46.420 [main] WARN  controller.customer.AuthServlet - Register error: Họ và tên quá dài (tối đa 100 ký tự)
2025-11-04 22:07:46.427 [main] WARN  controller.customer.AuthServlet - Register error: Mật khẩu xác nhận không khớp
2025-11-04 22:07:46.435 [main] WARN  controller.customer.AuthServlet - Register error: Mật khẩu phải có ít nhất 6 ký tự
2025-11-04 22:07:46.670 [main] INFO  controller.customer.AuthServlet - Verification email sent to: user@test.com
2025-11-04 22:07:46.691 [main] WARN  controller.customer.AuthServlet - Register error: Họ và tên không được để trống
2025-11-04 22:07:46.930 [main] INFO  controller.customer.AuthServlet - Verification email sent to: user@test.com
2025-11-04 22:07:47.163 [main] ERROR controller.customer.AuthServlet - Failed to send verification email
java.lang.RuntimeException: Email service error
	at service.EmailService.sendVerificationEmail(EmailService.java:165)
	at controller.customer.AuthServlet.handleRegister(AuthServlet.java:150)
	at controller.customer.AuthServlet.doPost(AuthServlet.java:76)
	at controller.customer.HandleRegisterTest.testEmailSendFailure(HandleRegisterTest.java:324)
	at java.base/jdk.internal.reflect.DirectMethodHandleAccessor.invoke(DirectMethodHandleAccessor.java:104)
	at java.base/java.lang.reflect.Method.invoke(Method.java:565)
	at org.junit.platform.commons.util.ReflectionUtils.invokeMethod(ReflectionUtils.java:787)
	at org.junit.platform.commons.support.ReflectionSupport.invokeMethod(ReflectionSupport.java:479)
	at org.junit.jupiter.engine.execution.MethodInvocation.proceed(MethodInvocation.java:60)
	at org.junit.jupiter.engine.execution.InvocationInterceptorChain$ValidatingInvocation.proceed(InvocationInterceptorChain.java:131)
	at org.junit.jupiter.engine.extension.TimeoutExtension.intercept(TimeoutExtension.java:161)
	at org.junit.jupiter.engine.extension.TimeoutExtension.interceptTestableMethod(TimeoutExtension.java:152)
	at org.junit.jupiter.engine.extension.TimeoutExtension.interceptTestMethod(TimeoutExtension.java:91)
	at org.junit.jupiter.engine.execution.InterceptingExecutableInvoker$ReflectiveInterceptorCall.lambda$ofVoidMethod$0(InterceptingExecutableInvoker.java:112)
	at org.junit.jupiter.engine.execution.InterceptingExecutableInvoker.lambda$invoke$0(InterceptingExecutableInvoker.java:94)
	at org.junit.jupiter.engine.execution.InvocationInterceptorChain$InterceptedInvocation.proceed(InvocationInterceptorChain.java:106)
	at org.junit.jupiter.engine.execution.InvocationInterceptorChain.proceed(InvocationInterceptorChain.java:64)
	at org.junit.jupiter.engine.execution.InvocationInterceptorChain.chainAndInvoke(InvocationInterceptorChain.java:45)
	at org.junit.jupiter.engine.execution.InvocationInterceptorChain.invoke(InvocationInterceptorChain.java:37)
	at org.junit.jupiter.engine.execution.InterceptingExecutableInvoker.invoke(InterceptingExecutableInvoker.java:93)
	at org.junit.jupiter.engine.execution.InterceptingExecutableInvoker.invoke(InterceptingExecutableInvoker.java:87)
	at org.junit.jupiter.engine.descriptor.TestMethodTestDescriptor.lambda$invokeTestMethod$4(TestMethodTestDescriptor.java:221)
	at org.junit.platform.engine.support.hierarchical.ThrowableCollector.execute(ThrowableCollector.java:73)
	at org.junit.jupiter.engine.descriptor.TestMethodTestDescriptor.invokeTestMethod(TestMethodTestDescriptor.java:217)
	at org.junit.jupiter.engine.descriptor.TestMethodTestDescriptor.execute(TestMethodTestDescriptor.java:159)
	at org.junit.jupiter.engine.descriptor.TestMethodTestDescriptor.execute(TestMethodTestDescriptor.java:70)
	at org.junit.platform.engine.support.hierarchical.NodeTestTask.lambda$executeRecursively$6(NodeTestTask.java:157)
	at org.junit.platform.engine.support.hierarchical.ThrowableCollector.execute(ThrowableCollector.java:73)
	at org.junit.platform.engine.support.hierarchical.NodeTestTask.lambda$executeRecursively$8(NodeTestTask.java:147)
	at org.junit.platform.engine.support.hierarchical.Node.around(Node.java:137)
	at org.junit.platform.engine.support.hierarchical.NodeTestTask.lambda$executeRecursively$9(NodeTestTask.java:145)
	at org.junit.platform.engine.support.hierarchical.ThrowableCollector.execute(ThrowableCollector.java:73)
	at org.junit.platform.engine.support.hierarchical.NodeTestTask.executeRecursively(NodeTestTask.java:144)
	at org.junit.platform.engine.support.hierarchical.NodeTestTask.execute(NodeTestTask.java:101)
	at java.base/java.util.ArrayList.forEach(ArrayList.java:1604)
	at org.junit.platform.engine.support.hierarchical.SameThreadHierarchicalTestExecutorService.invokeAll(SameThreadHierarchicalTestExecutorService.java:41)
	at org.junit.platform.engine.support.hierarchical.NodeTestTask.lambda$executeRecursively$6(NodeTestTask.java:161)
	at org.junit.platform.engine.support.hierarchical.ThrowableCollector.execute(ThrowableCollector.java:73)
	at org.junit.platform.engine.support.hierarchical.NodeTestTask.lambda$executeRecursively$8(NodeTestTask.java:147)
	at org.junit.platform.engine.support.hierarchical.Node.around(Node.java:137)
	at org.junit.platform.engine.support.hierarchical.NodeTestTask.lambda$executeRecursively$9(NodeTestTask.java:145)
	at org.junit.platform.engine.support.hierarchical.ThrowableCollector.execute(ThrowableCollector.java:73)
	at org.junit.platform.engine.support.hierarchical.NodeTestTask.executeRecursively(NodeTestTask.java:144)
	at org.junit.platform.engine.support.hierarchical.NodeTestTask.execute(NodeTestTask.java:101)
	at java.base/java.util.ArrayList.forEach(ArrayList.java:1604)
	at org.junit.platform.engine.support.hierarchical.SameThreadHierarchicalTestExecutorService.invokeAll(SameThreadHierarchicalTestExecutorService.java:41)
	at org.junit.platform.engine.support.hierarchical.NodeTestTask.lambda$executeRecursively$6(NodeTestTask.java:161)
	at org.junit.platform.engine.support.hierarchical.ThrowableCollector.execute(ThrowableCollector.java:73)
	at org.junit.platform.engine.support.hierarchical.NodeTestTask.lambda$executeRecursively$8(NodeTestTask.java:147)
	at org.junit.platform.engine.support.hierarchical.Node.around(Node.java:137)
	at org.junit.platform.engine.support.hierarchical.NodeTestTask.lambda$executeRecursively$9(NodeTestTask.java:145)
	at org.junit.platform.engine.support.hierarchical.ThrowableCollector.execute(ThrowableCollector.java:73)
	at org.junit.platform.engine.support.hierarchical.NodeTestTask.executeRecursively(NodeTestTask.java:144)
	at org.junit.platform.engine.support.hierarchical.NodeTestTask.execute(NodeTestTask.java:101)
	at org.junit.platform.engine.support.hierarchical.SameThreadHierarchicalTestExecutorService.submit(SameThreadHierarchicalTestExecutorService.java:35)
	at org.junit.platform.engine.support.hierarchical.HierarchicalTestExecutor.execute(HierarchicalTestExecutor.java:57)
	at org.junit.platform.engine.support.hierarchical.HierarchicalTestEngine.execute(HierarchicalTestEngine.java:54)
	at org.junit.platform.launcher.core.EngineExecutionOrchestrator.executeEngine(EngineExecutionOrchestrator.java:230)
	at org.junit.platform.launcher.core.EngineExecutionOrchestrator.failOrExecuteEngine(EngineExecutionOrchestrator.java:204)
	at org.junit.platform.launcher.core.EngineExecutionOrchestrator.execute(EngineExecutionOrchestrator.java:172)
	at org.junit.platform.launcher.core.EngineExecutionOrchestrator.execute(EngineExecutionOrchestrator.java:101)
	at org.junit.platform.launcher.core.EngineExecutionOrchestrator.lambda$execute$0(EngineExecutionOrchestrator.java:64)
	at org.junit.platform.launcher.core.EngineExecutionOrchestrator.withInterceptedStreams(EngineExecutionOrchestrator.java:150)
	at org.junit.platform.launcher.core.EngineExecutionOrchestrator.execute(EngineExecutionOrchestrator.java:63)
	at org.junit.platform.launcher.core.DefaultLauncher.execute(DefaultLauncher.java:109)
	at org.junit.platform.launcher.core.DefaultLauncher.execute(DefaultLauncher.java:91)
	at org.junit.platform.launcher.core.DelegatingLauncher.execute(DelegatingLauncher.java:47)
	at org.junit.platform.launcher.core.InterceptingLauncher.lambda$execute$1(InterceptingLauncher.java:39)
	at org.junit.platform.launcher.core.ClasspathAlignmentCheckingLauncherInterceptor.intercept(ClasspathAlignmentCheckingLauncherInterceptor.java:25)
	at org.junit.platform.launcher.core.InterceptingLauncher.execute(InterceptingLauncher.java:38)
	at org.junit.platform.launcher.core.DelegatingLauncher.execute(DelegatingLauncher.java:47)
	at org.junit.platform.launcher.core.SessionPerRequestLauncher.execute(SessionPerRequestLauncher.java:66)
	at com.intellij.junit5.JUnit5IdeaTestRunner.startRunnerWithArgs(JUnit5IdeaTestRunner.java:66)
	at com.intellij.rt.junit.IdeaTestRunner$Repeater$1.execute(IdeaTestRunner.java:38)
	at com.intellij.rt.execution.junit.TestsRepeater.repeat(TestsRepeater.java:11)
	at com.intellij.rt.junit.IdeaTestRunner$Repeater.startRunnerWithArgs(IdeaTestRunner.java:35)
	at com.intellij.rt.junit.JUnitStarter.prepareStreamsAndStart(JUnitStarter.java:237)
	at com.intellij.rt.junit.JUnitStarter.main(JUnitStarter.java:58)
2025-11-04 22:07:47.165 [main] WARN  controller.customer.AuthServlet - Register error: Không thể gửi email xác thực. Vui lòng thử lại.
2025-11-04 22:07:47.395 [main] INFO  controller.customer.AuthServlet - Verification email sent to: new@test.com
2025-11-04 22:07:47.400 [main] WARN  controller.customer.AuthServlet - Register error: Email không hợp lệ
2025-11-04 22:07:47.405 [main] WARN  controller.customer.AuthServlet - Register error: Họ và tên không được để trống
2025-11-04 22:07:47.409 [main] WARN  controller.customer.AuthServlet - Register error: Yêu cầu không hợp lệ (CSRF)
2025-11-04 22:07:47.413 [main] WARN  controller.customer.AuthServlet - Register error: Email đã được sử dụng
2025-11-04 22:07:47.641 [main] INFO  controller.customer.AuthServlet - Verification email sent to: user@test.com
2025-11-04 22:07:47.872 [main] INFO  controller.customer.AuthServlet - Verification email sent to: user@test.com
2025-11-04 22:07:47.875 [main] WARN  controller.customer.AuthServlet - Register error: Email đã được sử dụng
2025-11-04 22:07:47.881 [main] WARN  controller.customer.AuthServlet - Login error: Mật khẩu không được để trống
2025-11-04 22:07:47.884 [main] INFO  util.SessionUtils - User logged in: admin@test.com (Role: admin, ID: 0)
2025-11-04 22:07:47.884 [main] INFO  controller.customer.AuthServlet - User logged in: admin@test.com (Role: admin)
2025-11-04 22:07:47.888 [main] WARN  controller.customer.AuthServlet - Login error: Mật khẩu không được để trống
2025-11-04 22:07:47.891 [main] INFO  util.SessionUtils - User logged in: admin@test.com (Role: admin, ID: 0)
2025-11-04 22:07:47.891 [main] INFO  controller.customer.AuthServlet - User logged in: admin@test.com (Role: admin)
2025-11-04 22:07:47.894 [main] WARN  controller.customer.AuthServlet - Login error: Email hoặc mật khẩu không đúng
2025-11-04 22:07:47.897 [main] INFO  util.SessionUtils - User logged in: customer@test.com (Role: customer, ID: 0)
2025-11-04 22:07:47.897 [main] INFO  controller.customer.AuthServlet - User logged in: customer@test.com (Role: customer)
2025-11-04 22:07:47.899 [main] INFO  util.SessionUtils - User logged in: user@test.com (Role: customer, ID: 0)
2025-11-04 22:07:47.899 [main] INFO  controller.customer.AuthServlet - User logged in: user@test.com (Role: customer)
2025-11-04 22:07:47.902 [main] WARN  controller.customer.AuthServlet - Login error: Email không hợp lệ
2025-11-04 22:07:47.905 [main] WARN  controller.customer.AuthServlet - Login error: Yêu cầu không hợp lệ (CSRF)
2025-11-04 22:07:47.907 [main] INFO  util.SessionUtils - User logged in: staff@test.com (Role: staff, ID: 0)
2025-11-04 22:07:47.908 [main] INFO  controller.customer.AuthServlet - User logged in: staff@test.com (Role: staff)
2025-11-04 22:07:47.909 [main] WARN  controller.customer.AuthServlet - Login error: Mật khẩu không được để trống
2025-11-04 22:07:47.911 [main] INFO  util.SessionUtils - User logged in: user@test.com (Role: customer, ID: 0)
2025-11-04 22:07:47.912 [main] INFO  controller.customer.AuthServlet - User logged in: user@test.com (Role: customer)
2025-11-04 22:07:47.914 [main] WARN  controller.customer.AuthServlet - Login error: Yêu cầu không hợp lệ (CSRF)
2025-11-04 22:07:47.916 [main] WARN  controller.customer.AuthServlet - Login error: Mật khẩu không được để trống
2025-11-04 22:07:47.920 [main] WARN  controller.customer.AuthServlet - Login error: Email hoặc mật khẩu không đúng
2025-11-04 22:07:47.922 [main] INFO  util.SessionUtils - User logged in: user@test.com (Role: customer, ID: 0)
2025-11-04 22:07:47.923 [main] INFO  controller.customer.AuthServlet - User logged in: user@test.com (Role: customer)
2025-11-04 22:07:47.931 [main] INFO  util.SessionUtils - User logged in: staff@test.com (Role: staff, ID: 0)
2025-11-04 22:07:47.931 [main] INFO  controller.customer.AuthServlet - User logged in: staff@test.com (Role: staff)
2025-11-04 22:07:47.933 [main] WARN  controller.customer.AuthServlet - Login error: Email hoặc mật khẩu không đúng
2025-11-04 22:09:20.982 [main] INFO  service.EmailService - Loaded .env from resources
2025-11-04 22:09:20.984 [main] INFO  service.EmailService - Email config loaded - Host: smtp.gmail.com, Port: 587, From: noreply@carshowroom.com
2025-11-04 22:09:21.292 [main] INFO  controller.customer.AuthServlet - Verification email sent to: newuser@test.com
2025-11-04 22:09:21.307 [main] WARN  controller.customer.AuthServlet - Register error: Họ và tên quá dài (tối đa 100 ký tự)
2025-11-04 22:09:21.313 [main] WARN  controller.customer.AuthServlet - Register error: Mật khẩu xác nhận không khớp
2025-11-04 22:09:21.322 [main] WARN  controller.customer.AuthServlet - Register error: Mật khẩu phải có ít nhất 6 ký tự
2025-11-04 22:09:21.560 [main] ERROR controller.customer.AuthServlet - Failed to send verification email
java.lang.NullPointerException: Cannot invoke "String.equals(Object)" because "scheme" is null
	at controller.customer.AuthServlet.buildUrl(AuthServlet.java:467)
	at controller.customer.AuthServlet.handleRegister(AuthServlet.java:149)
	at controller.customer.AuthServlet.doPost(AuthServlet.java:76)
	at controller.customer.HandleRegisterTest.testPasswordExactly7Chars(HandleRegisterTest.java:463)
	at java.base/jdk.internal.reflect.DirectMethodHandleAccessor.invoke(DirectMethodHandleAccessor.java:104)
	at java.base/java.lang.reflect.Method.invoke(Method.java:565)
	at org.junit.platform.commons.util.ReflectionUtils.invokeMethod(ReflectionUtils.java:787)
	at org.junit.platform.commons.support.ReflectionSupport.invokeMethod(ReflectionSupport.java:479)
	at org.junit.jupiter.engine.execution.MethodInvocation.proceed(MethodInvocation.java:60)
	at org.junit.jupiter.engine.execution.InvocationInterceptorChain$ValidatingInvocation.proceed(InvocationInterceptorChain.java:131)
	at org.junit.jupiter.engine.extension.TimeoutExtension.intercept(TimeoutExtension.java:161)
	at org.junit.jupiter.engine.extension.TimeoutExtension.interceptTestableMethod(TimeoutExtension.java:152)
	at org.junit.jupiter.engine.extension.TimeoutExtension.interceptTestMethod(TimeoutExtension.java:91)
	at org.junit.jupiter.engine.execution.InterceptingExecutableInvoker$ReflectiveInterceptorCall.lambda$ofVoidMethod$0(InterceptingExecutableInvoker.java:112)
	at org.junit.jupiter.engine.execution.InterceptingExecutableInvoker.lambda$invoke$0(InterceptingExecutableInvoker.java:94)
	at org.junit.jupiter.engine.execution.InvocationInterceptorChain$InterceptedInvocation.proceed(InvocationInterceptorChain.java:106)
	at org.junit.jupiter.engine.execution.InvocationInterceptorChain.proceed(InvocationInterceptorChain.java:64)
	at org.junit.jupiter.engine.execution.InvocationInterceptorChain.chainAndInvoke(InvocationInterceptorChain.java:45)
	at org.junit.jupiter.engine.execution.InvocationInterceptorChain.invoke(InvocationInterceptorChain.java:37)
	at org.junit.jupiter.engine.execution.InterceptingExecutableInvoker.invoke(InterceptingExecutableInvoker.java:93)
	at org.junit.jupiter.engine.execution.InterceptingExecutableInvoker.invoke(InterceptingExecutableInvoker.java:87)
	at org.junit.jupiter.engine.descriptor.TestMethodTestDescriptor.lambda$invokeTestMethod$4(TestMethodTestDescriptor.java:221)
	at org.junit.platform.engine.support.hierarchical.ThrowableCollector.execute(ThrowableCollector.java:73)
	at org.junit.jupiter.engine.descriptor.TestMethodTestDescriptor.invokeTestMethod(TestMethodTestDescriptor.java:217)
	at org.junit.jupiter.engine.descriptor.TestMethodTestDescriptor.execute(TestMethodTestDescriptor.java:159)
	at org.junit.jupiter.engine.descriptor.TestMethodTestDescriptor.execute(TestMethodTestDescriptor.java:70)
	at org.junit.platform.engine.support.hierarchical.NodeTestTask.lambda$executeRecursively$6(NodeTestTask.java:157)
	at org.junit.platform.engine.support.hierarchical.ThrowableCollector.execute(ThrowableCollector.java:73)
	at org.junit.platform.engine.support.hierarchical.NodeTestTask.lambda$executeRecursively$8(NodeTestTask.java:147)
	at org.junit.platform.engine.support.hierarchical.Node.around(Node.java:137)
	at org.junit.platform.engine.support.hierarchical.NodeTestTask.lambda$executeRecursively$9(NodeTestTask.java:145)
	at org.junit.platform.engine.support.hierarchical.ThrowableCollector.execute(ThrowableCollector.java:73)
	at org.junit.platform.engine.support.hierarchical.NodeTestTask.executeRecursively(NodeTestTask.java:144)
	at org.junit.platform.engine.support.hierarchical.NodeTestTask.execute(NodeTestTask.java:101)
	at java.base/java.util.ArrayList.forEach(ArrayList.java:1604)
	at org.junit.platform.engine.support.hierarchical.SameThreadHierarchicalTestExecutorService.invokeAll(SameThreadHierarchicalTestExecutorService.java:41)
	at org.junit.platform.engine.support.hierarchical.NodeTestTask.lambda$executeRecursively$6(NodeTestTask.java:161)
	at org.junit.platform.engine.support.hierarchical.ThrowableCollector.execute(ThrowableCollector.java:73)
	at org.junit.platform.engine.support.hierarchical.NodeTestTask.lambda$executeRecursively$8(NodeTestTask.java:147)
	at org.junit.platform.engine.support.hierarchical.Node.around(Node.java:137)
	at org.junit.platform.engine.support.hierarchical.NodeTestTask.lambda$executeRecursively$9(NodeTestTask.java:145)
	at org.junit.platform.engine.support.hierarchical.ThrowableCollector.execute(ThrowableCollector.java:73)
	at org.junit.platform.engine.support.hierarchical.NodeTestTask.executeRecursively(NodeTestTask.java:144)
	at org.junit.platform.engine.support.hierarchical.NodeTestTask.execute(NodeTestTask.java:101)
	at java.base/java.util.ArrayList.forEach(ArrayList.java:1604)
	at org.junit.platform.engine.support.hierarchical.SameThreadHierarchicalTestExecutorService.invokeAll(SameThreadHierarchicalTestExecutorService.java:41)
	at org.junit.platform.engine.support.hierarchical.NodeTestTask.lambda$executeRecursively$6(NodeTestTask.java:161)
	at org.junit.platform.engine.support.hierarchical.ThrowableCollector.execute(ThrowableCollector.java:73)
	at org.junit.platform.engine.support.hierarchical.NodeTestTask.lambda$executeRecursively$8(NodeTestTask.java:147)
	at org.junit.platform.engine.support.hierarchical.Node.around(Node.java:137)
	at org.junit.platform.engine.support.hierarchical.NodeTestTask.lambda$executeRecursively$9(NodeTestTask.java:145)
	at org.junit.platform.engine.support.hierarchical.ThrowableCollector.execute(ThrowableCollector.java:73)
	at org.junit.platform.engine.support.hierarchical.NodeTestTask.executeRecursively(NodeTestTask.java:144)
	at org.junit.platform.engine.support.hierarchical.NodeTestTask.execute(NodeTestTask.java:101)
	at org.junit.platform.engine.support.hierarchical.SameThreadHierarchicalTestExecutorService.submit(SameThreadHierarchicalTestExecutorService.java:35)
	at org.junit.platform.engine.support.hierarchical.HierarchicalTestExecutor.execute(HierarchicalTestExecutor.java:57)
	at org.junit.platform.engine.support.hierarchical.HierarchicalTestEngine.execute(HierarchicalTestEngine.java:54)
	at org.junit.platform.launcher.core.EngineExecutionOrchestrator.executeEngine(EngineExecutionOrchestrator.java:230)
	at org.junit.platform.launcher.core.EngineExecutionOrchestrator.failOrExecuteEngine(EngineExecutionOrchestrator.java:204)
	at org.junit.platform.launcher.core.EngineExecutionOrchestrator.execute(EngineExecutionOrchestrator.java:172)
	at org.junit.platform.launcher.core.EngineExecutionOrchestrator.execute(EngineExecutionOrchestrator.java:101)
	at org.junit.platform.launcher.core.EngineExecutionOrchestrator.lambda$execute$0(EngineExecutionOrchestrator.java:64)
	at org.junit.platform.launcher.core.EngineExecutionOrchestrator.withInterceptedStreams(EngineExecutionOrchestrator.java:150)
	at org.junit.platform.launcher.core.EngineExecutionOrchestrator.execute(EngineExecutionOrchestrator.java:63)
	at org.junit.platform.launcher.core.DefaultLauncher.execute(DefaultLauncher.java:109)
	at org.junit.platform.launcher.core.DefaultLauncher.execute(DefaultLauncher.java:91)
	at org.junit.platform.launcher.core.DelegatingLauncher.execute(DelegatingLauncher.java:47)
	at org.junit.platform.launcher.core.InterceptingLauncher.lambda$execute$1(InterceptingLauncher.java:39)
	at org.junit.platform.launcher.core.ClasspathAlignmentCheckingLauncherInterceptor.intercept(ClasspathAlignmentCheckingLauncherInterceptor.java:25)
	at org.junit.platform.launcher.core.InterceptingLauncher.execute(InterceptingLauncher.java:38)
	at org.junit.platform.launcher.core.DelegatingLauncher.execute(DelegatingLauncher.java:47)
	at org.junit.platform.launcher.core.SessionPerRequestLauncher.execute(SessionPerRequestLauncher.java:66)
	at com.intellij.junit5.JUnit5IdeaTestRunner.startRunnerWithArgs(JUnit5IdeaTestRunner.java:66)
	at com.intellij.rt.junit.IdeaTestRunner$Repeater$1.execute(IdeaTestRunner.java:38)
	at com.intellij.rt.execution.junit.TestsRepeater.repeat(TestsRepeater.java:11)
	at com.intellij.rt.junit.IdeaTestRunner$Repeater.startRunnerWithArgs(IdeaTestRunner.java:35)
	at com.intellij.rt.junit.JUnitStarter.prepareStreamsAndStart(JUnitStarter.java:237)
	at com.intellij.rt.junit.JUnitStarter.main(JUnitStarter.java:58)
2025-11-04 22:09:21.562 [main] WARN  controller.customer.AuthServlet - Register error: Không thể gửi email xác thực. Vui lòng thử lại.
2025-11-04 22:09:21.567 [main] WARN  controller.customer.AuthServlet - Register error: Họ và tên không được để trống
2025-11-04 22:09:21.798 [main] INFO  controller.customer.AuthServlet - Verification email sent to: user@test.com
2025-11-04 22:09:22.032 [main] ERROR controller.customer.AuthServlet - Failed to send verification email
java.lang.RuntimeException: Email service error
	at service.EmailService.sendVerificationEmail(EmailService.java:165)
	at controller.customer.AuthServlet.handleRegister(AuthServlet.java:150)
	at controller.customer.AuthServlet.doPost(AuthServlet.java:76)
	at controller.customer.HandleRegisterTest.testEmailSendFailure(HandleRegisterTest.java:335)
	at java.base/jdk.internal.reflect.DirectMethodHandleAccessor.invoke(DirectMethodHandleAccessor.java:104)
	at java.base/java.lang.reflect.Method.invoke(Method.java:565)
	at org.junit.platform.commons.util.ReflectionUtils.invokeMethod(ReflectionUtils.java:787)
	at org.junit.platform.commons.support.ReflectionSupport.invokeMethod(ReflectionSupport.java:479)
	at org.junit.jupiter.engine.execution.MethodInvocation.proceed(MethodInvocation.java:60)
	at org.junit.jupiter.engine.execution.InvocationInterceptorChain$ValidatingInvocation.proceed(InvocationInterceptorChain.java:131)
	at org.junit.jupiter.engine.extension.TimeoutExtension.intercept(TimeoutExtension.java:161)
	at org.junit.jupiter.engine.extension.TimeoutExtension.interceptTestableMethod(TimeoutExtension.java:152)
	at org.junit.jupiter.engine.extension.TimeoutExtension.interceptTestMethod(TimeoutExtension.java:91)
	at org.junit.jupiter.engine.execution.InterceptingExecutableInvoker$ReflectiveInterceptorCall.lambda$ofVoidMethod$0(InterceptingExecutableInvoker.java:112)
	at org.junit.jupiter.engine.execution.InterceptingExecutableInvoker.lambda$invoke$0(InterceptingExecutableInvoker.java:94)
	at org.junit.jupiter.engine.execution.InvocationInterceptorChain$InterceptedInvocation.proceed(InvocationInterceptorChain.java:106)
	at org.junit.jupiter.engine.execution.InvocationInterceptorChain.proceed(InvocationInterceptorChain.java:64)
	at org.junit.jupiter.engine.execution.InvocationInterceptorChain.chainAndInvoke(InvocationInterceptorChain.java:45)
	at org.junit.jupiter.engine.execution.InvocationInterceptorChain.invoke(InvocationInterceptorChain.java:37)
	at org.junit.jupiter.engine.execution.InterceptingExecutableInvoker.invoke(InterceptingExecutableInvoker.java:93)
	at org.junit.jupiter.engine.execution.InterceptingExecutableInvoker.invoke(InterceptingExecutableInvoker.java:87)
	at org.junit.jupiter.engine.descriptor.TestMethodTestDescriptor.lambda$invokeTestMethod$4(TestMethodTestDescriptor.java:221)
	at org.junit.platform.engine.support.hierarchical.ThrowableCollector.execute(ThrowableCollector.java:73)
	at org.junit.jupiter.engine.descriptor.TestMethodTestDescriptor.invokeTestMethod(TestMethodTestDescriptor.java:217)
	at org.junit.jupiter.engine.descriptor.TestMethodTestDescriptor.execute(TestMethodTestDescriptor.java:159)
	at org.junit.jupiter.engine.descriptor.TestMethodTestDescriptor.execute(TestMethodTestDescriptor.java:70)
	at org.junit.platform.engine.support.hierarchical.NodeTestTask.lambda$executeRecursively$6(NodeTestTask.java:157)
	at org.junit.platform.engine.support.hierarchical.ThrowableCollector.execute(ThrowableCollector.java:73)
	at org.junit.platform.engine.support.hierarchical.NodeTestTask.lambda$executeRecursively$8(NodeTestTask.java:147)
	at org.junit.platform.engine.support.hierarchical.Node.around(Node.java:137)
	at org.junit.platform.engine.support.hierarchical.NodeTestTask.lambda$executeRecursively$9(NodeTestTask.java:145)
	at org.junit.platform.engine.support.hierarchical.ThrowableCollector.execute(ThrowableCollector.java:73)
	at org.junit.platform.engine.support.hierarchical.NodeTestTask.executeRecursively(NodeTestTask.java:144)
	at org.junit.platform.engine.support.hierarchical.NodeTestTask.execute(NodeTestTask.java:101)
	at java.base/java.util.ArrayList.forEach(ArrayList.java:1604)
	at org.junit.platform.engine.support.hierarchical.SameThreadHierarchicalTestExecutorService.invokeAll(SameThreadHierarchicalTestExecutorService.java:41)
	at org.junit.platform.engine.support.hierarchical.NodeTestTask.lambda$executeRecursively$6(NodeTestTask.java:161)
	at org.junit.platform.engine.support.hierarchical.ThrowableCollector.execute(ThrowableCollector.java:73)
	at org.junit.platform.engine.support.hierarchical.NodeTestTask.lambda$executeRecursively$8(NodeTestTask.java:147)
	at org.junit.platform.engine.support.hierarchical.Node.around(Node.java:137)
	at org.junit.platform.engine.support.hierarchical.NodeTestTask.lambda$executeRecursively$9(NodeTestTask.java:145)
	at org.junit.platform.engine.support.hierarchical.ThrowableCollector.execute(ThrowableCollector.java:73)
	at org.junit.platform.engine.support.hierarchical.NodeTestTask.executeRecursively(NodeTestTask.java:144)
	at org.junit.platform.engine.support.hierarchical.NodeTestTask.execute(NodeTestTask.java:101)
	at java.base/java.util.ArrayList.forEach(ArrayList.java:1604)
	at org.junit.platform.engine.support.hierarchical.SameThreadHierarchicalTestExecutorService.invokeAll(SameThreadHierarchicalTestExecutorService.java:41)
	at org.junit.platform.engine.support.hierarchical.NodeTestTask.lambda$executeRecursively$6(NodeTestTask.java:161)
	at org.junit.platform.engine.support.hierarchical.ThrowableCollector.execute(ThrowableCollector.java:73)
	at org.junit.platform.engine.support.hierarchical.NodeTestTask.lambda$executeRecursively$8(NodeTestTask.java:147)
	at org.junit.platform.engine.support.hierarchical.Node.around(Node.java:137)
	at org.junit.platform.engine.support.hierarchical.NodeTestTask.lambda$executeRecursively$9(NodeTestTask.java:145)
	at org.junit.platform.engine.support.hierarchical.ThrowableCollector.execute(ThrowableCollector.java:73)
	at org.junit.platform.engine.support.hierarchical.NodeTestTask.executeRecursively(NodeTestTask.java:144)
	at org.junit.platform.engine.support.hierarchical.NodeTestTask.execute(NodeTestTask.java:101)
	at org.junit.platform.engine.support.hierarchical.SameThreadHierarchicalTestExecutorService.submit(SameThreadHierarchicalTestExecutorService.java:35)
	at org.junit.platform.engine.support.hierarchical.HierarchicalTestExecutor.execute(HierarchicalTestExecutor.java:57)
	at org.junit.platform.engine.support.hierarchical.HierarchicalTestEngine.execute(HierarchicalTestEngine.java:54)
	at org.junit.platform.launcher.core.EngineExecutionOrchestrator.executeEngine(EngineExecutionOrchestrator.java:230)
	at org.junit.platform.launcher.core.EngineExecutionOrchestrator.failOrExecuteEngine(EngineExecutionOrchestrator.java:204)
	at org.junit.platform.launcher.core.EngineExecutionOrchestrator.execute(EngineExecutionOrchestrator.java:172)
	at org.junit.platform.launcher.core.EngineExecutionOrchestrator.execute(EngineExecutionOrchestrator.java:101)
	at org.junit.platform.launcher.core.EngineExecutionOrchestrator.lambda$execute$0(EngineExecutionOrchestrator.java:64)
	at org.junit.platform.launcher.core.EngineExecutionOrchestrator.withInterceptedStreams(EngineExecutionOrchestrator.java:150)
	at org.junit.platform.launcher.core.EngineExecutionOrchestrator.execute(EngineExecutionOrchestrator.java:63)
	at org.junit.platform.launcher.core.DefaultLauncher.execute(DefaultLauncher.java:109)
	at org.junit.platform.launcher.core.DefaultLauncher.execute(DefaultLauncher.java:91)
	at org.junit.platform.launcher.core.DelegatingLauncher.execute(DelegatingLauncher.java:47)
	at org.junit.platform.launcher.core.InterceptingLauncher.lambda$execute$1(InterceptingLauncher.java:39)
	at org.junit.platform.launcher.core.ClasspathAlignmentCheckingLauncherInterceptor.intercept(ClasspathAlignmentCheckingLauncherInterceptor.java:25)
	at org.junit.platform.launcher.core.InterceptingLauncher.execute(InterceptingLauncher.java:38)
	at org.junit.platform.launcher.core.DelegatingLauncher.execute(DelegatingLauncher.java:47)
	at org.junit.platform.launcher.core.SessionPerRequestLauncher.execute(SessionPerRequestLauncher.java:66)
	at com.intellij.junit5.JUnit5IdeaTestRunner.startRunnerWithArgs(JUnit5IdeaTestRunner.java:66)
	at com.intellij.rt.junit.IdeaTestRunner$Repeater$1.execute(IdeaTestRunner.java:38)
	at com.intellij.rt.execution.junit.TestsRepeater.repeat(TestsRepeater.java:11)
	at com.intellij.rt.junit.IdeaTestRunner$Repeater.startRunnerWithArgs(IdeaTestRunner.java:35)
	at com.intellij.rt.junit.JUnitStarter.prepareStreamsAndStart(JUnitStarter.java:237)
	at com.intellij.rt.junit.JUnitStarter.main(JUnitStarter.java:58)
2025-11-04 22:09:22.033 [main] WARN  controller.customer.AuthServlet - Register error: Không thể gửi email xác thực. Vui lòng thử lại.
2025-11-04 22:09:22.260 [main] INFO  controller.customer.AuthServlet - Verification email sent to: new@test.com
2025-11-04 22:09:22.264 [main] WARN  controller.customer.AuthServlet - Register error: Email không hợp lệ
2025-11-04 22:09:22.267 [main] WARN  controller.customer.AuthServlet - Register error: Họ và tên không được để trống
2025-11-04 22:09:22.270 [main] WARN  controller.customer.AuthServlet - Register error: Yêu cầu không hợp lệ (CSRF)
2025-11-04 22:09:22.279 [main] WARN  controller.customer.AuthServlet - Register error: Email đã được sử dụng
2025-11-04 22:09:22.508 [main] INFO  controller.customer.AuthServlet - Verification email sent to: user@test.com
2025-11-04 22:09:22.737 [main] INFO  controller.customer.AuthServlet - Verification email sent to: user@test.com
2025-11-04 22:09:22.741 [main] WARN  controller.customer.AuthServlet - Register error: Email đã được sử dụng
2025-11-04 22:09:22.744 [main] WARN  controller.customer.AuthServlet - Login error: Mật khẩu không được để trống
2025-11-04 22:09:22.750 [main] INFO  util.SessionUtils - User logged in: admin@test.com (Role: admin, ID: 0)
2025-11-04 22:09:22.751 [main] INFO  controller.customer.AuthServlet - User logged in: admin@test.com (Role: admin)
2025-11-04 22:09:22.756 [main] WARN  controller.customer.AuthServlet - Login error: Mật khẩu không được để trống
2025-11-04 22:09:22.759 [main] INFO  util.SessionUtils - User logged in: admin@test.com (Role: admin, ID: 0)
2025-11-04 22:09:22.760 [main] INFO  controller.customer.AuthServlet - User logged in: admin@test.com (Role: admin)
2025-11-04 22:09:22.762 [main] WARN  controller.customer.AuthServlet - Login error: Email hoặc mật khẩu không đúng
2025-11-04 22:09:22.765 [main] INFO  util.SessionUtils - User logged in: customer@test.com (Role: customer, ID: 0)
2025-11-04 22:09:22.765 [main] INFO  controller.customer.AuthServlet - User logged in: customer@test.com (Role: customer)
2025-11-04 22:09:22.768 [main] INFO  util.SessionUtils - User logged in: user@test.com (Role: customer, ID: 0)
2025-11-04 22:09:22.769 [main] INFO  controller.customer.AuthServlet - User logged in: user@test.com (Role: customer)
2025-11-04 22:09:22.772 [main] WARN  controller.customer.AuthServlet - Login error: Email không hợp lệ
2025-11-04 22:09:22.774 [main] WARN  controller.customer.AuthServlet - Login error: Yêu cầu không hợp lệ (CSRF)
2025-11-04 22:09:22.777 [main] INFO  util.SessionUtils - User logged in: staff@test.com (Role: staff, ID: 0)
2025-11-04 22:09:22.777 [main] INFO  controller.customer.AuthServlet - User logged in: staff@test.com (Role: staff)
2025-11-04 22:09:22.779 [main] WARN  controller.customer.AuthServlet - Login error: Mật khẩu không được để trống
2025-11-04 22:09:22.782 [main] INFO  util.SessionUtils - User logged in: user@test.com (Role: customer, ID: 0)
2025-11-04 22:09:22.783 [main] INFO  controller.customer.AuthServlet - User logged in: user@test.com (Role: customer)
2025-11-04 22:09:22.785 [main] WARN  controller.customer.AuthServlet - Login error: Yêu cầu không hợp lệ (CSRF)
2025-11-04 22:09:22.788 [main] WARN  controller.customer.AuthServlet - Login error: Mật khẩu không được để trống
2025-11-04 22:09:22.791 [main] WARN  controller.customer.AuthServlet - Login error: Email hoặc mật khẩu không đúng
2025-11-04 22:09:22.794 [main] INFO  util.SessionUtils - User logged in: user@test.com (Role: customer, ID: 0)
2025-11-04 22:09:22.794 [main] INFO  controller.customer.AuthServlet - User logged in: user@test.com (Role: customer)
2025-11-04 22:09:22.797 [main] INFO  util.SessionUtils - User logged in: staff@test.com (Role: staff, ID: 0)
2025-11-04 22:09:22.797 [main] INFO  controller.customer.AuthServlet - User logged in: staff@test.com (Role: staff)
2025-11-04 22:09:22.799 [main] WARN  controller.customer.AuthServlet - Login error: Email hoặc mật khẩu không đúng
2025-11-04 22:11:37.240 [main] INFO  service.EmailService - Loaded .env from resources
2025-11-04 22:11:37.241 [main] INFO  service.EmailService - Email config loaded - Host: smtp.gmail.com, Port: 587, From: noreply@carshowroom.com
2025-11-04 22:11:37.539 [main] INFO  controller.customer.AuthServlet - Verification email sent to: newuser@test.com
2025-11-04 22:11:37.554 [main] WARN  controller.customer.AuthServlet - Register error: Họ và tên quá dài (tối đa 100 ký tự)
2025-11-04 22:11:37.561 [main] WARN  controller.customer.AuthServlet - Register error: Mật khẩu xác nhận không khớp
2025-11-04 22:11:37.570 [main] WARN  controller.customer.AuthServlet - Register error: Mật khẩu phải có ít nhất 6 ký tự
2025-11-04 22:11:37.804 [main] INFO  controller.customer.AuthServlet - Verification email sent to: user@test.com
2025-11-04 22:11:37.824 [main] WARN  controller.customer.AuthServlet - Register error: Họ và tên không được để trống
2025-11-04 22:11:38.055 [main] INFO  controller.customer.AuthServlet - Verification email sent to: user@test.com
2025-11-04 22:11:38.287 [main] ERROR controller.customer.AuthServlet - Failed to send verification email
java.lang.RuntimeException: Email service error
	at service.EmailService.sendVerificationEmail(EmailService.java:165)
	at controller.customer.AuthServlet.handleRegister(AuthServlet.java:150)
	at controller.customer.AuthServlet.doPost(AuthServlet.java:76)
	at controller.customer.HandleRegisterTest.testEmailSendFailure(HandleRegisterTest.java:324)
	at java.base/jdk.internal.reflect.DirectMethodHandleAccessor.invoke(DirectMethodHandleAccessor.java:104)
	at java.base/java.lang.reflect.Method.invoke(Method.java:565)
	at org.junit.platform.commons.util.ReflectionUtils.invokeMethod(ReflectionUtils.java:787)
	at org.junit.platform.commons.support.ReflectionSupport.invokeMethod(ReflectionSupport.java:479)
	at org.junit.jupiter.engine.execution.MethodInvocation.proceed(MethodInvocation.java:60)
	at org.junit.jupiter.engine.execution.InvocationInterceptorChain$ValidatingInvocation.proceed(InvocationInterceptorChain.java:131)
	at org.junit.jupiter.engine.extension.TimeoutExtension.intercept(TimeoutExtension.java:161)
	at org.junit.jupiter.engine.extension.TimeoutExtension.interceptTestableMethod(TimeoutExtension.java:152)
	at org.junit.jupiter.engine.extension.TimeoutExtension.interceptTestMethod(TimeoutExtension.java:91)
	at org.junit.jupiter.engine.execution.InterceptingExecutableInvoker$ReflectiveInterceptorCall.lambda$ofVoidMethod$0(InterceptingExecutableInvoker.java:112)
	at org.junit.jupiter.engine.execution.InterceptingExecutableInvoker.lambda$invoke$0(InterceptingExecutableInvoker.java:94)
	at org.junit.jupiter.engine.execution.InvocationInterceptorChain$InterceptedInvocation.proceed(InvocationInterceptorChain.java:106)
	at org.junit.jupiter.engine.execution.InvocationInterceptorChain.proceed(InvocationInterceptorChain.java:64)
	at org.junit.jupiter.engine.execution.InvocationInterceptorChain.chainAndInvoke(InvocationInterceptorChain.java:45)
	at org.junit.jupiter.engine.execution.InvocationInterceptorChain.invoke(InvocationInterceptorChain.java:37)
	at org.junit.jupiter.engine.execution.InterceptingExecutableInvoker.invoke(InterceptingExecutableInvoker.java:93)
	at org.junit.jupiter.engine.execution.InterceptingExecutableInvoker.invoke(InterceptingExecutableInvoker.java:87)
	at org.junit.jupiter.engine.descriptor.TestMethodTestDescriptor.lambda$invokeTestMethod$4(TestMethodTestDescriptor.java:221)
	at org.junit.platform.engine.support.hierarchical.ThrowableCollector.execute(ThrowableCollector.java:73)
	at org.junit.jupiter.engine.descriptor.TestMethodTestDescriptor.invokeTestMethod(TestMethodTestDescriptor.java:217)
	at org.junit.jupiter.engine.descriptor.TestMethodTestDescriptor.execute(TestMethodTestDescriptor.java:159)
	at org.junit.jupiter.engine.descriptor.TestMethodTestDescriptor.execute(TestMethodTestDescriptor.java:70)
	at org.junit.platform.engine.support.hierarchical.NodeTestTask.lambda$executeRecursively$6(NodeTestTask.java:157)
	at org.junit.platform.engine.support.hierarchical.ThrowableCollector.execute(ThrowableCollector.java:73)
	at org.junit.platform.engine.support.hierarchical.NodeTestTask.lambda$executeRecursively$8(NodeTestTask.java:147)
	at org.junit.platform.engine.support.hierarchical.Node.around(Node.java:137)
	at org.junit.platform.engine.support.hierarchical.NodeTestTask.lambda$executeRecursively$9(NodeTestTask.java:145)
	at org.junit.platform.engine.support.hierarchical.ThrowableCollector.execute(ThrowableCollector.java:73)
	at org.junit.platform.engine.support.hierarchical.NodeTestTask.executeRecursively(NodeTestTask.java:144)
	at org.junit.platform.engine.support.hierarchical.NodeTestTask.execute(NodeTestTask.java:101)
	at java.base/java.util.ArrayList.forEach(ArrayList.java:1604)
	at org.junit.platform.engine.support.hierarchical.SameThreadHierarchicalTestExecutorService.invokeAll(SameThreadHierarchicalTestExecutorService.java:41)
	at org.junit.platform.engine.support.hierarchical.NodeTestTask.lambda$executeRecursively$6(NodeTestTask.java:161)
	at org.junit.platform.engine.support.hierarchical.ThrowableCollector.execute(ThrowableCollector.java:73)
	at org.junit.platform.engine.support.hierarchical.NodeTestTask.lambda$executeRecursively$8(NodeTestTask.java:147)
	at org.junit.platform.engine.support.hierarchical.Node.around(Node.java:137)
	at org.junit.platform.engine.support.hierarchical.NodeTestTask.lambda$executeRecursively$9(NodeTestTask.java:145)
	at org.junit.platform.engine.support.hierarchical.ThrowableCollector.execute(ThrowableCollector.java:73)
	at org.junit.platform.engine.support.hierarchical.NodeTestTask.executeRecursively(NodeTestTask.java:144)
	at org.junit.platform.engine.support.hierarchical.NodeTestTask.execute(NodeTestTask.java:101)
	at java.base/java.util.ArrayList.forEach(ArrayList.java:1604)
	at org.junit.platform.engine.support.hierarchical.SameThreadHierarchicalTestExecutorService.invokeAll(SameThreadHierarchicalTestExecutorService.java:41)
	at org.junit.platform.engine.support.hierarchical.NodeTestTask.lambda$executeRecursively$6(NodeTestTask.java:161)
	at org.junit.platform.engine.support.hierarchical.ThrowableCollector.execute(ThrowableCollector.java:73)
	at org.junit.platform.engine.support.hierarchical.NodeTestTask.lambda$executeRecursively$8(NodeTestTask.java:147)
	at org.junit.platform.engine.support.hierarchical.Node.around(Node.java:137)
	at org.junit.platform.engine.support.hierarchical.NodeTestTask.lambda$executeRecursively$9(NodeTestTask.java:145)
	at org.junit.platform.engine.support.hierarchical.ThrowableCollector.execute(ThrowableCollector.java:73)
	at org.junit.platform.engine.support.hierarchical.NodeTestTask.executeRecursively(NodeTestTask.java:144)
	at org.junit.platform.engine.support.hierarchical.NodeTestTask.execute(NodeTestTask.java:101)
	at org.junit.platform.engine.support.hierarchical.SameThreadHierarchicalTestExecutorService.submit(SameThreadHierarchicalTestExecutorService.java:35)
	at org.junit.platform.engine.support.hierarchical.HierarchicalTestExecutor.execute(HierarchicalTestExecutor.java:57)
	at org.junit.platform.engine.support.hierarchical.HierarchicalTestEngine.execute(HierarchicalTestEngine.java:54)
	at org.junit.platform.launcher.core.EngineExecutionOrchestrator.executeEngine(EngineExecutionOrchestrator.java:230)
	at org.junit.platform.launcher.core.EngineExecutionOrchestrator.failOrExecuteEngine(EngineExecutionOrchestrator.java:204)
	at org.junit.platform.launcher.core.EngineExecutionOrchestrator.execute(EngineExecutionOrchestrator.java:172)
	at org.junit.platform.launcher.core.EngineExecutionOrchestrator.execute(EngineExecutionOrchestrator.java:101)
	at org.junit.platform.launcher.core.EngineExecutionOrchestrator.lambda$execute$0(EngineExecutionOrchestrator.java:64)
	at org.junit.platform.launcher.core.EngineExecutionOrchestrator.withInterceptedStreams(EngineExecutionOrchestrator.java:150)
	at org.junit.platform.launcher.core.EngineExecutionOrchestrator.execute(EngineExecutionOrchestrator.java:63)
	at org.junit.platform.launcher.core.DefaultLauncher.execute(DefaultLauncher.java:109)
	at org.junit.platform.launcher.core.DefaultLauncher.execute(DefaultLauncher.java:91)
	at org.junit.platform.launcher.core.DelegatingLauncher.execute(DelegatingLauncher.java:47)
	at org.junit.platform.launcher.core.InterceptingLauncher.lambda$execute$1(InterceptingLauncher.java:39)
	at org.junit.platform.launcher.core.ClasspathAlignmentCheckingLauncherInterceptor.intercept(ClasspathAlignmentCheckingLauncherInterceptor.java:25)
	at org.junit.platform.launcher.core.InterceptingLauncher.execute(InterceptingLauncher.java:38)
	at org.junit.platform.launcher.core.DelegatingLauncher.execute(DelegatingLauncher.java:47)
	at org.junit.platform.launcher.core.SessionPerRequestLauncher.execute(SessionPerRequestLauncher.java:66)
	at com.intellij.junit5.JUnit5IdeaTestRunner.startRunnerWithArgs(JUnit5IdeaTestRunner.java:66)
	at com.intellij.rt.junit.IdeaTestRunner$Repeater$1.execute(IdeaTestRunner.java:38)
	at com.intellij.rt.execution.junit.TestsRepeater.repeat(TestsRepeater.java:11)
	at com.intellij.rt.junit.IdeaTestRunner$Repeater.startRunnerWithArgs(IdeaTestRunner.java:35)
	at com.intellij.rt.junit.JUnitStarter.prepareStreamsAndStart(JUnitStarter.java:237)
	at com.intellij.rt.junit.JUnitStarter.main(JUnitStarter.java:58)
2025-11-04 22:11:38.289 [main] WARN  controller.customer.AuthServlet - Register error: Không thể gửi email xác thực. Vui lòng thử lại.
2025-11-04 22:11:38.519 [main] INFO  controller.customer.AuthServlet - Verification email sent to: new@test.com
2025-11-04 22:11:38.525 [main] WARN  controller.customer.AuthServlet - Register error: Email không hợp lệ
2025-11-04 22:11:38.529 [main] WARN  controller.customer.AuthServlet - Register error: Họ và tên không được để trống
2025-11-04 22:11:38.533 [main] WARN  controller.customer.AuthServlet - Register error: Yêu cầu không hợp lệ (CSRF)
2025-11-04 22:11:38.536 [main] WARN  controller.customer.AuthServlet - Register error: Email đã được sử dụng
2025-11-04 22:11:38.768 [main] INFO  controller.customer.AuthServlet - Verification email sent to: user@test.com
2025-11-04 22:11:38.998 [main] INFO  controller.customer.AuthServlet - Verification email sent to: user@test.com
2025-11-04 22:11:39.001 [main] WARN  controller.customer.AuthServlet - Register error: Email đã được sử dụng
2025-11-04 22:11:39.005 [main] WARN  controller.customer.AuthServlet - Login error: Mật khẩu không được để trống
2025-11-04 22:11:39.011 [main] INFO  util.SessionUtils - User logged in: admin@test.com (Role: admin, ID: 0)
2025-11-04 22:11:39.011 [main] INFO  controller.customer.AuthServlet - User logged in: admin@test.com (Role: admin)
2025-11-04 22:11:39.016 [main] WARN  controller.customer.AuthServlet - Login error: Mật khẩu không được để trống
2025-11-04 22:11:39.020 [main] INFO  util.SessionUtils - User logged in: admin@test.com (Role: admin, ID: 0)
2025-11-04 22:11:39.021 [main] INFO  controller.customer.AuthServlet - User logged in: admin@test.com (Role: admin)
2025-11-04 22:11:39.023 [main] WARN  controller.customer.AuthServlet - Login error: Email hoặc mật khẩu không đúng
2025-11-04 22:11:39.027 [main] INFO  util.SessionUtils - User logged in: customer@test.com (Role: customer, ID: 0)
2025-11-04 22:11:39.027 [main] INFO  controller.customer.AuthServlet - User logged in: customer@test.com (Role: customer)
2025-11-04 22:11:39.030 [main] INFO  util.SessionUtils - User logged in: user@test.com (Role: customer, ID: 0)
2025-11-04 22:11:39.031 [main] INFO  controller.customer.AuthServlet - User logged in: user@test.com (Role: customer)
2025-11-04 22:11:39.034 [main] WARN  controller.customer.AuthServlet - Login error: Email không hợp lệ
2025-11-04 22:11:39.036 [main] WARN  controller.customer.AuthServlet - Login error: Yêu cầu không hợp lệ (CSRF)
2025-11-04 22:11:39.039 [main] INFO  util.SessionUtils - User logged in: staff@test.com (Role: staff, ID: 0)
2025-11-04 22:11:39.039 [main] INFO  controller.customer.AuthServlet - User logged in: staff@test.com (Role: staff)
2025-11-04 22:11:39.041 [main] WARN  controller.customer.AuthServlet - Login error: Mật khẩu không được để trống
2025-11-04 22:11:39.044 [main] INFO  util.SessionUtils - User logged in: user@test.com (Role: customer, ID: 0)
2025-11-04 22:11:39.044 [main] INFO  controller.customer.AuthServlet - User logged in: user@test.com (Role: customer)
2025-11-04 22:11:39.046 [main] WARN  controller.customer.AuthServlet - Login error: Yêu cầu không hợp lệ (CSRF)
2025-11-04 22:11:39.049 [main] WARN  controller.customer.AuthServlet - Login error: Mật khẩu không được để trống
2025-11-04 22:11:39.052 [main] WARN  controller.customer.AuthServlet - Login error: Email hoặc mật khẩu không đúng
2025-11-04 22:11:39.055 [main] INFO  util.SessionUtils - User logged in: user@test.com (Role: customer, ID: 0)
2025-11-04 22:11:39.055 [main] INFO  controller.customer.AuthServlet - User logged in: user@test.com (Role: customer)
2025-11-04 22:11:39.057 [main] INFO  util.SessionUtils - User logged in: staff@test.com (Role: staff, ID: 0)
2025-11-04 22:11:39.057 [main] INFO  controller.customer.AuthServlet - User logged in: staff@test.com (Role: staff)
2025-11-04 22:11:39.059 [main] WARN  controller.customer.AuthServlet - Login error: Email hoặc mật khẩu không đúng
2025-11-04 22:12:15.523 [main] INFO  service.EmailService - Loaded .env from resources
2025-11-04 22:12:15.524 [main] INFO  service.EmailService - Email config loaded - Host: smtp.gmail.com, Port: 587, From: noreply@carshowroom.com
2025-11-04 22:12:15.823 [main] INFO  controller.customer.AuthServlet - Verification email sent to: newuser@test.com
2025-11-04 22:12:15.839 [main] WARN  controller.customer.AuthServlet - Register error: Họ và tên quá dài (tối đa 100 ký tự)
2025-11-04 22:12:15.847 [main] WARN  controller.customer.AuthServlet - Register error: Mật khẩu xác nhận không khớp
2025-11-04 22:12:15.857 [main] WARN  controller.customer.AuthServlet - Register error: Mật khẩu phải có ít nhất 6 ký tự
2025-11-04 22:12:16.089 [main] INFO  controller.customer.AuthServlet - Verification email sent to: user@test.com
2025-11-04 22:12:16.108 [main] WARN  controller.customer.AuthServlet - Register error: Họ và tên không được để trống
2025-11-04 22:12:16.345 [main] INFO  controller.customer.AuthServlet - Verification email sent to: user@test.com
2025-11-04 22:12:16.578 [main] ERROR controller.customer.AuthServlet - Failed to send verification email
java.lang.RuntimeException: Email service error
	at service.EmailService.sendVerificationEmail(EmailService.java:165)
	at controller.customer.AuthServlet.handleRegister(AuthServlet.java:150)
	at controller.customer.AuthServlet.doPost(AuthServlet.java:76)
	at controller.customer.HandleRegisterTest.testEmailSendFailure(HandleRegisterTest.java:324)
	at java.base/jdk.internal.reflect.DirectMethodHandleAccessor.invoke(DirectMethodHandleAccessor.java:104)
	at java.base/java.lang.reflect.Method.invoke(Method.java:565)
	at org.junit.platform.commons.util.ReflectionUtils.invokeMethod(ReflectionUtils.java:787)
	at org.junit.platform.commons.support.ReflectionSupport.invokeMethod(ReflectionSupport.java:479)
	at org.junit.jupiter.engine.execution.MethodInvocation.proceed(MethodInvocation.java:60)
	at org.junit.jupiter.engine.execution.InvocationInterceptorChain$ValidatingInvocation.proceed(InvocationInterceptorChain.java:131)
	at org.junit.jupiter.engine.extension.TimeoutExtension.intercept(TimeoutExtension.java:161)
	at org.junit.jupiter.engine.extension.TimeoutExtension.interceptTestableMethod(TimeoutExtension.java:152)
	at org.junit.jupiter.engine.extension.TimeoutExtension.interceptTestMethod(TimeoutExtension.java:91)
	at org.junit.jupiter.engine.execution.InterceptingExecutableInvoker$ReflectiveInterceptorCall.lambda$ofVoidMethod$0(InterceptingExecutableInvoker.java:112)
	at org.junit.jupiter.engine.execution.InterceptingExecutableInvoker.lambda$invoke$0(InterceptingExecutableInvoker.java:94)
	at org.junit.jupiter.engine.execution.InvocationInterceptorChain$InterceptedInvocation.proceed(InvocationInterceptorChain.java:106)
	at org.junit.jupiter.engine.execution.InvocationInterceptorChain.proceed(InvocationInterceptorChain.java:64)
	at org.junit.jupiter.engine.execution.InvocationInterceptorChain.chainAndInvoke(InvocationInterceptorChain.java:45)
	at org.junit.jupiter.engine.execution.InvocationInterceptorChain.invoke(InvocationInterceptorChain.java:37)
	at org.junit.jupiter.engine.execution.InterceptingExecutableInvoker.invoke(InterceptingExecutableInvoker.java:93)
	at org.junit.jupiter.engine.execution.InterceptingExecutableInvoker.invoke(InterceptingExecutableInvoker.java:87)
	at org.junit.jupiter.engine.descriptor.TestMethodTestDescriptor.lambda$invokeTestMethod$4(TestMethodTestDescriptor.java:221)
	at org.junit.platform.engine.support.hierarchical.ThrowableCollector.execute(ThrowableCollector.java:73)
	at org.junit.jupiter.engine.descriptor.TestMethodTestDescriptor.invokeTestMethod(TestMethodTestDescriptor.java:217)
	at org.junit.jupiter.engine.descriptor.TestMethodTestDescriptor.execute(TestMethodTestDescriptor.java:159)
	at org.junit.jupiter.engine.descriptor.TestMethodTestDescriptor.execute(TestMethodTestDescriptor.java:70)
	at org.junit.platform.engine.support.hierarchical.NodeTestTask.lambda$executeRecursively$6(NodeTestTask.java:157)
	at org.junit.platform.engine.support.hierarchical.ThrowableCollector.execute(ThrowableCollector.java:73)
	at org.junit.platform.engine.support.hierarchical.NodeTestTask.lambda$executeRecursively$8(NodeTestTask.java:147)
	at org.junit.platform.engine.support.hierarchical.Node.around(Node.java:137)
	at org.junit.platform.engine.support.hierarchical.NodeTestTask.lambda$executeRecursively$9(NodeTestTask.java:145)
	at org.junit.platform.engine.support.hierarchical.ThrowableCollector.execute(ThrowableCollector.java:73)
	at org.junit.platform.engine.support.hierarchical.NodeTestTask.executeRecursively(NodeTestTask.java:144)
	at org.junit.platform.engine.support.hierarchical.NodeTestTask.execute(NodeTestTask.java:101)
	at java.base/java.util.ArrayList.forEach(ArrayList.java:1604)
	at org.junit.platform.engine.support.hierarchical.SameThreadHierarchicalTestExecutorService.invokeAll(SameThreadHierarchicalTestExecutorService.java:41)
	at org.junit.platform.engine.support.hierarchical.NodeTestTask.lambda$executeRecursively$6(NodeTestTask.java:161)
	at org.junit.platform.engine.support.hierarchical.ThrowableCollector.execute(ThrowableCollector.java:73)
	at org.junit.platform.engine.support.hierarchical.NodeTestTask.lambda$executeRecursively$8(NodeTestTask.java:147)
	at org.junit.platform.engine.support.hierarchical.Node.around(Node.java:137)
	at org.junit.platform.engine.support.hierarchical.NodeTestTask.lambda$executeRecursively$9(NodeTestTask.java:145)
	at org.junit.platform.engine.support.hierarchical.ThrowableCollector.execute(ThrowableCollector.java:73)
	at org.junit.platform.engine.support.hierarchical.NodeTestTask.executeRecursively(NodeTestTask.java:144)
	at org.junit.platform.engine.support.hierarchical.NodeTestTask.execute(NodeTestTask.java:101)
	at java.base/java.util.ArrayList.forEach(ArrayList.java:1604)
	at org.junit.platform.engine.support.hierarchical.SameThreadHierarchicalTestExecutorService.invokeAll(SameThreadHierarchicalTestExecutorService.java:41)
	at org.junit.platform.engine.support.hierarchical.NodeTestTask.lambda$executeRecursively$6(NodeTestTask.java:161)
	at org.junit.platform.engine.support.hierarchical.ThrowableCollector.execute(ThrowableCollector.java:73)
	at org.junit.platform.engine.support.hierarchical.NodeTestTask.lambda$executeRecursively$8(NodeTestTask.java:147)
	at org.junit.platform.engine.support.hierarchical.Node.around(Node.java:137)
	at org.junit.platform.engine.support.hierarchical.NodeTestTask.lambda$executeRecursively$9(NodeTestTask.java:145)
	at org.junit.platform.engine.support.hierarchical.ThrowableCollector.execute(ThrowableCollector.java:73)
	at org.junit.platform.engine.support.hierarchical.NodeTestTask.executeRecursively(NodeTestTask.java:144)
	at org.junit.platform.engine.support.hierarchical.NodeTestTask.execute(NodeTestTask.java:101)
	at org.junit.platform.engine.support.hierarchical.SameThreadHierarchicalTestExecutorService.submit(SameThreadHierarchicalTestExecutorService.java:35)
	at org.junit.platform.engine.support.hierarchical.HierarchicalTestExecutor.execute(HierarchicalTestExecutor.java:57)
	at org.junit.platform.engine.support.hierarchical.HierarchicalTestEngine.execute(HierarchicalTestEngine.java:54)
	at org.junit.platform.launcher.core.EngineExecutionOrchestrator.executeEngine(EngineExecutionOrchestrator.java:230)
	at org.junit.platform.launcher.core.EngineExecutionOrchestrator.failOrExecuteEngine(EngineExecutionOrchestrator.java:204)
	at org.junit.platform.launcher.core.EngineExecutionOrchestrator.execute(EngineExecutionOrchestrator.java:172)
	at org.junit.platform.launcher.core.EngineExecutionOrchestrator.execute(EngineExecutionOrchestrator.java:101)
	at org.junit.platform.launcher.core.EngineExecutionOrchestrator.lambda$execute$0(EngineExecutionOrchestrator.java:64)
	at org.junit.platform.launcher.core.EngineExecutionOrchestrator.withInterceptedStreams(EngineExecutionOrchestrator.java:150)
	at org.junit.platform.launcher.core.EngineExecutionOrchestrator.execute(EngineExecutionOrchestrator.java:63)
	at org.junit.platform.launcher.core.DefaultLauncher.execute(DefaultLauncher.java:109)
	at org.junit.platform.launcher.core.DefaultLauncher.execute(DefaultLauncher.java:91)
	at org.junit.platform.launcher.core.DelegatingLauncher.execute(DelegatingLauncher.java:47)
	at org.junit.platform.launcher.core.InterceptingLauncher.lambda$execute$1(InterceptingLauncher.java:39)
	at org.junit.platform.launcher.core.ClasspathAlignmentCheckingLauncherInterceptor.intercept(ClasspathAlignmentCheckingLauncherInterceptor.java:25)
	at org.junit.platform.launcher.core.InterceptingLauncher.execute(InterceptingLauncher.java:38)
	at org.junit.platform.launcher.core.DelegatingLauncher.execute(DelegatingLauncher.java:47)
	at org.junit.platform.launcher.core.SessionPerRequestLauncher.execute(SessionPerRequestLauncher.java:66)
	at com.intellij.junit5.JUnit5IdeaTestRunner.startRunnerWithArgs(JUnit5IdeaTestRunner.java:66)
	at com.intellij.rt.junit.IdeaTestRunner$Repeater$1.execute(IdeaTestRunner.java:38)
	at com.intellij.rt.execution.junit.TestsRepeater.repeat(TestsRepeater.java:11)
	at com.intellij.rt.junit.IdeaTestRunner$Repeater.startRunnerWithArgs(IdeaTestRunner.java:35)
	at com.intellij.rt.junit.JUnitStarter.prepareStreamsAndStart(JUnitStarter.java:237)
	at com.intellij.rt.junit.JUnitStarter.main(JUnitStarter.java:58)
2025-11-04 22:12:16.580 [main] WARN  controller.customer.AuthServlet - Register error: Không thể gửi email xác thực. Vui lòng thử lại.
2025-11-04 22:12:16.807 [main] INFO  controller.customer.AuthServlet - Verification email sent to: new@test.com
2025-11-04 22:12:16.812 [main] WARN  controller.customer.AuthServlet - Register error: Email không hợp lệ
2025-11-04 22:12:16.815 [main] WARN  controller.customer.AuthServlet - Register error: Họ và tên không được để trống
2025-11-04 22:12:16.819 [main] WARN  controller.customer.AuthServlet - Register error: Yêu cầu không hợp lệ (CSRF)
2025-11-04 22:12:16.823 [main] WARN  controller.customer.AuthServlet - Register error: Email đã được sử dụng
2025-11-04 22:12:17.052 [main] INFO  controller.customer.AuthServlet - Verification email sent to: user@test.com
2025-11-04 22:12:17.283 [main] INFO  controller.customer.AuthServlet - Verification email sent to: user@test.com
2025-11-04 22:12:17.286 [main] WARN  controller.customer.AuthServlet - Register error: Email đã được sử dụng
2025-11-04 22:12:17.292 [main] WARN  controller.customer.AuthServlet - Login error: Mật khẩu không được để trống
2025-11-04 22:12:17.296 [main] INFO  util.SessionUtils - User logged in: admin@test.com (Role: admin, ID: 0)
2025-11-04 22:12:17.297 [main] INFO  controller.customer.AuthServlet - User logged in: admin@test.com (Role: admin)
2025-11-04 22:12:17.301 [main] WARN  controller.customer.AuthServlet - Login error: Mật khẩu không được để trống
2025-11-04 22:12:17.305 [main] INFO  util.SessionUtils - User logged in: admin@test.com (Role: admin, ID: 0)
2025-11-04 22:12:17.305 [main] INFO  controller.customer.AuthServlet - User logged in: admin@test.com (Role: admin)
2025-11-04 22:12:17.307 [main] WARN  controller.customer.AuthServlet - Login error: Email hoặc mật khẩu không đúng
2025-11-04 22:12:17.311 [main] INFO  util.SessionUtils - User logged in: customer@test.com (Role: customer, ID: 0)
2025-11-04 22:12:17.311 [main] INFO  controller.customer.AuthServlet - User logged in: customer@test.com (Role: customer)
2025-11-04 22:12:17.314 [main] INFO  util.SessionUtils - User logged in: user@test.com (Role: customer, ID: 0)
2025-11-04 22:12:17.314 [main] INFO  controller.customer.AuthServlet - User logged in: user@test.com (Role: customer)
2025-11-04 22:12:17.317 [main] WARN  controller.customer.AuthServlet - Login error: Email không hợp lệ
2025-11-04 22:12:17.319 [main] WARN  controller.customer.AuthServlet - Login error: Yêu cầu không hợp lệ (CSRF)
2025-11-04 22:12:17.322 [main] INFO  util.SessionUtils - User logged in: staff@test.com (Role: staff, ID: 0)
2025-11-04 22:12:17.323 [main] INFO  controller.customer.AuthServlet - User logged in: staff@test.com (Role: staff)
2025-11-04 22:12:17.325 [main] WARN  controller.customer.AuthServlet - Login error: Mật khẩu không được để trống
2025-11-04 22:12:17.329 [main] INFO  util.SessionUtils - User logged in: user@test.com (Role: customer, ID: 0)
2025-11-04 22:12:17.329 [main] INFO  controller.customer.AuthServlet - User logged in: user@test.com (Role: customer)
2025-11-04 22:12:17.331 [main] WARN  controller.customer.AuthServlet - Login error: Yêu cầu không hợp lệ (CSRF)
2025-11-04 22:12:17.334 [main] WARN  controller.customer.AuthServlet - Login error: Mật khẩu không được để trống
2025-11-04 22:12:17.336 [main] WARN  controller.customer.AuthServlet - Login error: Email hoặc mật khẩu không đúng
2025-11-04 22:12:17.339 [main] INFO  util.SessionUtils - User logged in: user@test.com (Role: customer, ID: 0)
2025-11-04 22:12:17.339 [main] INFO  controller.customer.AuthServlet - User logged in: user@test.com (Role: customer)
2025-11-04 22:12:17.341 [main] INFO  util.SessionUtils - User logged in: staff@test.com (Role: staff, ID: 0)
2025-11-04 22:12:17.341 [main] INFO  controller.customer.AuthServlet - User logged in: staff@test.com (Role: staff)
2025-11-04 22:12:17.343 [main] WARN  controller.customer.AuthServlet - Login error: Email hoặc mật khẩu không đúng
